time (s), gyro_x (rad/s), gyro_y (rad/s), gyro_z (rad/s), imu_pitch (rad), imu_roll (rad), imu_yaw (rad), counter, x (m), y (m), z (m), yaw (rad), pitch (rad), roll (rad), angle_pitch_desired (rad), mu1, mu2
0.0000, 0.5075, -0.9913, 0.0516, 0.1286, -0.0201, 0.9147, 73563, 0.0443, -0.3128, -0.1036, -0.0339, -0.0980, 0.1107, 0.0705, 200, 195
0.0150, 0.0306, -1.4245, 0.0825, 0.1079, -0.0197, 0.9156, 73583, 0.0444, -0.3127, -0.1036, -0.0340, -0.0978, 0.1108, 0.0696, 200, 188
0.0310, 0.0306, -1.4245, 0.0825, 0.1079, -0.0197, 0.9156, 73583, 0.0444, -0.3128, -0.1036, -0.0338, -0.0980, 0.1106, 0.0696, 200, 188
0.0620, -0.2131, -1.5460, 0.1121, 0.0600, -0.0206, 0.9166, 73623, 0.0444, -0.3128, -0.1037, -0.0339, -0.0979, 0.1109, 0.0676, 200, 176
0.0780, 0.1693, -1.3923, 0.0314, 0.0332, -0.0202, 0.9177, 73643, 0.0444, -0.3127, -0.1036, -0.0339, -0.0978, 0.1108, 0.0666, 200, 164
0.0930, 0.1693, -1.3923, 0.0314, 0.0332, -0.0202, 0.9177, 73643, 0.0443, -0.3128, -0.1036, -0.0338, -0.0980, 0.1107, 0.0666, 200, 164
0.1090, 0.3725, -1.3544, 0.3096, -0.0159, -0.0208, 0.9182, 73683, 0.0444, -0.3128, -0.1036, -0.0339, -0.0979, 0.1107, 0.0647, 200, 153
0.1400, 0.4263, -0.0863, -0.0884, -0.0405, -0.0209, 0.9191, 73723, 0.0444, -0.3128, -0.1036, -0.0339, -0.0978, 0.1106, 0.0627, 200, 169
0.1560, 0.4263, -0.0863, -0.0884, -0.0405, -0.0209, 0.9191, 73723, 0.0444, -0.3128, -0.1036, -0.0339, -0.0979, 0.1107, 0.0627, 200, 169
0.1720, -0.0511, -0.0317, -0.0400, -0.0424, -0.0204, 0.9193, 73743, 0.0444, -0.3128, -0.1036, -0.0339, -0.0979, 0.1107, 0.0618, 200, 172
0.2030, -0.1906, 0.3118, -0.2096, -0.0424, -0.0201, 0.9200, 73783, 0.0444, -0.3128, -0.1036, -0.0338, -0.0979, 0.1108, 0.0598, 200, 175
0.2180, -0.1906, 0.3118, -0.2096, -0.0424, -0.0201, 0.9200, 73783, 0.0444, -0.3128, -0.1036, -0.0339, -0.0979, 0.1108, 0.0598, 200, 175
0.2340, 0.1167, -0.0161, 0.2193, -0.0421, -0.0211, 0.9200, 73803, 0.0444, -0.3128, -0.1036, -0.0338, -0.0979, 0.1107, 0.0588, 200, 177
0.2500, 0.1167, -0.0161, 0.2193, -0.0421, -0.0211, 0.9200, 73803, 0.0444, -0.3128, -0.1036, -0.0339, -0.0979, 0.1108, 0.0588, 200, 177
0.2810, -0.3612, 0.2123, -0.2067, -0.0461, -0.0222, 0.9208, 73843, 0.0444, -0.3127, -0.1036, -0.0339, -0.0979, 0.1107, 0.0569, 200, 177
0.2970, 0.3715, -0.4268, 0.1134, -0.0501, -0.0218, 0.9217, 73863, 0.0444, -0.3128, -0.1036, -0.0339, -0.0979, 0.1108, 0.0559, 200, 162
0.3120, 0.3715, -0.4268, 0.1134, -0.0501, -0.0218, 0.9217, 73863, 0.0444, -0.3128, -0.1036, -0.0339, -0.0979, 0.1108, 0.0559, 200, 162
0.3430, -0.4427, -0.2392, 0.0234, -0.0548, -0.0209, 0.9221, 73883, 0.0444, -0.3128, -0.1036, -0.0338, -0.0980, 0.1107, 0.0549, 200, 160
0.3590, 0.0228, -0.3870, 0.0747, -0.0641, -0.0188, 0.9222, 73923, 0.0444, -0.3128, -0.1036, -0.0339, -0.0979, 0.1107, 0.0530, 200, 160
0.3750, 0.0228, -0.3870, 0.0747, -0.0641, -0.0188, 0.9222, 73923, 0.0443, -0.3127, -0.1036, -0.0339, -0.0978, 0.1109, 0.0530, 200, 160
0.3900, 0.1290, -0.5295, 0.0349, -0.0700, -0.0175, 0.9235, 73943, 0.0444, -0.3128, -0.1036, -0.0338, -0.0979, 0.1107, 0.0520, 200, 149
0.4210, 0.4435, -0.2462, 0.1161, -0.0726, -0.0173, 0.9233, 73983, 0.0444, -0.3128, -0.1036, -0.0339, -0.0980, 0.1107, 0.0501, 200, 170
0.4370, 0.4435, -0.2462, 0.1161, -0.0726, -0.0173, 0.9233, 73983, 0.0444, -0.3127, -0.1036, -0.0339, -0.0979, 0.1107, 0.0501, 200, 170
0.4530, 0.2199, -0.1626, -0.0492, -0.0766, -0.0168, 0.9235, 74023, 0.0444, -0.3128, -0.1036, -0.0339, -0.0979, 0.1107, 0.0481, 200, 168
0.4840, 0.3322, -0.5091, 0.1089, -0.0794, -0.0157, 0.9242, 74043, 0.0443, -0.3128, -0.1036, -0.0338, -0.0980, 0.1108, 0.0471, 200, 159
0.5000, 0.3322, -0.5091, 0.1089, -0.0794, -0.0157, 0.9242, 74043, 0.0444, -0.3128, -0.1036, -0.0339, -0.0978, 0.1107, 0.0471, 200, 159
0.5150, -0.0521, 0.0277, -0.2086, -0.0887, -0.0161, 0.9242, 74083, 0.0444, -0.3127, -0.1036, -0.0338, -0.0981, 0.1106, 0.0452, 200, 164
0.5310, -0.0521, 0.0277, -0.2086, -0.0887, -0.0161, 0.9242, 74083, 0.0444, -0.3128, -0.1036, -0.0340, -0.0978, 0.1108, 0.0452, 200, 164
0.5620, 0.2801, -0.6088, 0.1989, -0.0941, -0.0171, 0.9248, 74103, 0.0444, -0.3128, -0.1036, -0.0339, -0.0979, 0.1106, 0.0442, 200, 156
0.5780, -0.6354, 0.0685, -0.1578, -0.1009, -0.0183, 0.9261, 74143, 0.0444, -0.3128, -0.1036, -0.0339, -0.0979, 0.1108, 0.0422, 200, 166
0.5930, -0.6354, 0.0685, -0.1578, -0.1009, -0.0183, 0.9261, 74143, 0.0444, -0.3127, -0.1036, -0.0340, -0.0979, 0.1107, 0.0422, 200, 166
0.6090, -0.0798, -0.1110, 0.1701, -0.0951, -0.0178, 0.9273, 74183, 0.0444, -0.3128, -0.1036, -0.0339, -0.0979, 0.1107, 0.0402, 200, 157
0.6400, -0.1567, 0.6725, -0.1312, -0.0887, -0.0188, 0.9278, 74203, 0.0444, -0.3128, -0.1036, -0.0339, -0.0980, 0.1108, 0.0393, 200, 177
0.6560, -0.1567, 0.6725, -0.1312, -0.0887, -0.0188, 0.9278, 74203, 0.0444, -0.3128, -0.1036, -0.0339, -0.0978, 0.1107, 0.0393, 200, 177
0.6710, 0.5182, -0.2247, 0.2715, -0.0768, -0.0178, 0.9282, 74243, 0.0444, -0.3128, -0.1036, -0.0339, -0.0979, 0.1108, 0.0373, 200, 165
0.7030, -0.8464, 0.6467, -0.1978, -0.0728, -0.0197, 0.9280, 74263, 0.0444, -0.3127, -0.1036, -0.0339, -0.0980, 0.1106, 0.0363, 200, 177
0.7180, -0.8464, 0.6467, -0.1978, -0.0728, -0.0197, 0.9280, 74263, 0.0444, -0.3128, -0.1036, -0.0337, -0.0979, 0.1107, 0.0363, 200, 177
0.7340, -0.2940, 0.0484, 0.0293, -0.0714, -0.0201, 0.9290, 74303, 0.0444, -0.3128, -0.1037, -0.0339, -0.0979, 0.1108, 0.0344, 200, 167
0.7500, -0.2940, 0.0484, 0.0293, -0.0714, -0.0201, 0.9290, 74303, 0.0444, -0.3128, -0.1036, -0.0339, -0.0979, 0.1107, 0.0344, 200, 167
0.7810, 0.0906, -0.2709, 0.0992, -0.0735, -0.0213, 0.9299, 74343, 0.0444, -0.3128, -0.1037, -0.0339, -0.0979, 0.1108, 0.0324, 200, 168
0.7960, 0.0309, -0.4298, -0.0473, -0.0773, -0.0213, 0.9308, 74363, 0.0444, -0.3127, -0.1036, -0.0339, -0.0979, 0.1108, 0.0314, 200, 162
0.8120, 0.0309, -0.4298, -0.0473, -0.0773, -0.0213, 0.9308, 74363, 0.0444, -0.3128, -0.1036, -0.0338, -0.0978, 0.1107, 0.0314, 200, 162
0.8430, 0.2365, -0.6408, 0.2723, -0.0857, -0.0209, 0.9311, 74403, 0.0444, -0.3128, -0.1036, -0.0338, -0.0981, 0.1106, 0.0294, 200, 159
0.8590, -0.5042, -0.0481, -0.2096, -0.0929, -0.0223, 0.9317, 74423, 0.0444, -0.3127, -0.1036, -0.0339, -0.0979, 0.1107, 0.0284, 200, 155
0.8740, -0.5042, -0.0481, -0.2096, -0.0929, -0.0223, 0.9317, 74423, 0.0443, -0.3128, -0.1036, -0.0338, -0.0980, 0.1108, 0.0284, 200, 155
0.8900, 0.4446, -0.3486, 0.1099, -0.1108, -0.0211, 0.9329, 74463, 0.0444, -0.3127, -0.1036, -0.0339, -0.0979, 0.1107, 0.0265, 200, 156
0.9210, -0.0038, 0.5929, -0.2247, -0.1086, -0.0213, 0.9334, 74503, 0.0444, -0.3128, -0.1036, -0.0339, -0.0978, 0.1107, 0.0245, 200, 175
0.9370, -0.0038, 0.5929, -0.2247, -0.1086, -0.0213, 0.9334, 74503, 0.0444, -0.3128, -0.1036, -0.0338, -0.0980, 0.1106, 0.0245, 200, 175
0.9530, -0.0164, 0.1793, 0.0610, -0.1031, -0.0220, 0.9338, 74523, 0.0444, -0.3128, -0.1036, -0.0339, -0.0979, 0.1108, 0.0235, 200, 174
0.9840, 0.3862, -0.1430, 0.1406, -0.0981, -0.0213, 0.9344, 74543, 0.0444, -0.3128, -0.1037, -0.0340, -0.0978, 0.1108, 0.0225, 200, 163
0.9990, 0.3862, -0.1430, 0.1406, -0.0981, -0.0213, 0.9344, 74543, 0.0444, -0.3128, -0.1036, -0.0338, -0.0980, 0.1107, 0.0225, 200, 163
1.0150, 0.3908, -0.0331, 0.1451, -0.0899, -0.0220, 0.9344, 74583, 0.0444, -0.3128, -0.1036, -0.0338, -0.0978, 0.1107, 0.0206, 200, 169
1.0310, 0.3908, -0.0331, 0.1451, -0.0899, -0.0220, 0.9344, 74583, 0.0444, -0.3128, -0.1036, -0.0339, -0.0980, 0.1108, 0.0206, 200, 169
1.0620, 0.0371, 0.0994, -0.0374, -0.0902, -0.0211, 0.9353, 74603, 0.0444, -0.3128, -0.1036, -0.0339, -0.0978, 0.1108, 0.0196, 200, 165
1.0780, 0.3045, -0.3946, 0.0836, -0.0934, -0.0201, 0.9360, 74643, 0.0444, -0.3128, -0.1037, -0.0339, -0.0980, 0.1107, 0.0176, 200, 164
1.0930, 0.3045, -0.3946, 0.0836, -0.0934, -0.0201, 0.9360, 74643, 0.0444, -0.3127, -0.1036, -0.0339, -0.0979, 0.1107, 0.0176, 200, 164
1.1090, 0.1406, -0.7563, 0.1183, -0.1002, -0.0199, 0.9365, 74663, 0.0444, -0.3128, -0.1036, -0.0339, -0.0978, 0.1107, 0.0166, 200, 153
1.1400, 0.0642, -0.4346, 0.0398, -0.1138, -0.0183, 0.9362, 74703, 0.0444, -0.3128, -0.1036, -0.0339, -0.0980, 0.1107, 0.0147, 200, 161
1.1560, 0.0642, -0.4346, 0.0398, -0.1138, -0.0183, 0.9362, 74703, 0.0444, -0.3127, -0.1036, -0.0339, -0.0978, 0.1108, 0.0147, 200, 161
1.1710, -0.5548, 0.3505, -0.2712, -0.1236, -0.0188, 0.9374, 74743, 0.0443, -0.3128, -0.1036, -0.0338, -0.0979, 0.1106, 0.0127, 200, 168
1.2030, 0.2035, 0.0384, -0.0089, -0.1251, -0.0195, 0.9378, 74763, 0.0444, -0.3128, -0.1036, -0.0338, -0.0981, 0.1108, 0.0117, 200, 161
1.2180, 0.2035, 0.0384, -0.0089, -0.1251, -0.0195, 0.9378, 74763, 0.0444, -0.3128, -0.1037, -0.0339, -0.0979, 0.1108, 0.0117, 200, 161
1.2340, -0.0438, 0.3672, -0.0177, -0.1225, -0.0209, 0.9390, 74803, 0.0444, -0.3128, -0.1036, -0.0340, -0.0979, 0.1107, 0.0097, 200, 166
1.2490, -0.0438, 0.3672, -0.0177, -0.1225, -0.0209, 0.9390, 74803, 0.0444, -0.3128, -0.1036, -0.0339, -0.0978, 0.1107, 0.0097, 200, 166
1.2810, -0.0108, 0.3448, -0.2148, -0.1194, -0.0216, 0.9388, 74823, 0.0444, -0.3128, -0.1036, -0.0339, -0.0979, 0.1107, 0.0087, 200, 174
1.2960, -0.1774, 0.6461, -0.1204, -0.1110, -0.0216, 0.9399, 74863, 0.0444, -0.3128, -0.1036, -0.0339, -0.0979, 0.1108, 0.0068, 200, 166
1.3120, -0.1774, 0.6461, -0.1204, -0.1110, -0.0216, 0.9399, 74863, 0.0444, -0.3128, -0.1036, -0.0339, -0.0980, 0.1107, 0.0068, 200, 166
1.3430, 0.5583, -0.1427, 0.3362, -0.0976, -0.0218, 0.9400, 74903, 0.0444, -0.3128, -0.1036, -0.0338, -0.0978, 0.1107, 0.0048, 200, 169
1.3590, -0.5620, 0.7346, -0.2191, -0.0904, -0.0232, 0.9407, 74923, 0.0444, -0.3128, -0.1036, -0.0338, -0.0980, 0.1108, 0.0038, 200, 182
1.3740, -0.5620, 0.7346, -0.2191, -0.0904, -0.0232, 0.9407, 74923, 0.0444, -0.3127, -0.1036, -0.0339, -0.0979, 0.1106, 0.0038, 200, 182
1.3900, -0.2666, 0.0788, 0.0968, -0.0796, -0.0213, 0.9414, 74963, 0.0444, -0.3128, -0.1036, -0.0338, -0.0978, 0.1107, 0.0018, 200, 178
1.4210, -0.0511, 0.2900, -0.0688, -0.0733, -0.0229, 0.9414, 74983, 0.0444, -0.3128, -0.1036, -0.0339, -0.0979, 0.1108, 0.0008, 200, 185
1.4370, -0.0511, 0.2900, -0.0688, -0.0733, -0.0229, 0.9414, 74983, 0.0444, -0.3128, -0.1036, -0.0338, -0.0979, 0.1109, 0.0008, 200, 185
1.4520, 0.0191, -0.0524, 0.0962, -0.0651, -0.0225, 0.9425, 75023, 0.0444, -0.3128, -0.1037, -0.0339, -0.0981, 0.1107, -0.0011, 200, 178
1.4840, 0.0263, 0.1193, 0.0538, -0.0546, -0.0230, 0.9427, 75063, 0.0443, -0.3127, -0.1036, -0.0339, -0.0980, 0.1107, -0.0031, 200, 186
1.4990, 0.0263, 0.1193, 0.0538, -0.0546, -0.0230, 0.9427, 75063, 0.0444, -0.3128, -0.1037, -0.0338, -0.0979, 0.1108, -0.0031, 200, 186
1.5150, 0.3005, 0.4048, 0.0656, -0.0497, -0.0215, 0.9437, 75083, 0.0444, -0.3128, -0.1036, -0.0339, -0.0980, 0.1107, -0.0041, 200, 186
1.5310, 0.3005, 0.4048, 0.0656, -0.0497, -0.0215, 0.9437, 75083, 0.0444, -0.3127, -0.1036, -0.0339, -0.0978, 0.1108, -0.0041, 200, 186
1.5620, 0.4784, 0.2650, 0.3497, -0.0321, -0.0208, 0.9442, 75123, 0.0443, -0.3128, -0.1037, -0.0339, -0.0980, 0.1107, -0.0061, 194, 199
1.5770, -0.6260, 0.6862, -0.0927, -0.0223, -0.0216, 0.9447, 75143, 0.0444, -0.3128, -0.1036, -0.0339, -0.0980, 0.1108, -0.0071, 196, 197
1.5930, -0.6260, 0.6862, -0.0927, -0.0223, -0.0216, 0.9447, 75143, 0.0443, -0.3128, -0.1037, -0.0339, -0.0979, 0.1108, -0.0071, 196, 197
1.6240, 0.3999, -0.0271, 0.1320, -0.0033, -0.0194, 0.9458, 75183, 0.0443, -0.3128, -0.1036, -0.0339, -0.0980, 0.1107, -0.0090, 196, 197
1.6400, 0.1201, 0.5867, -0.0825, 0.0143, -0.0206, 0.9460, 75223, 0.0444, -0.3128, -0.1036, -0.0339, -0.0979, 0.1109, -0.0110, 180, 200
1.6560, 0.1201, 0.5867, -0.0825, 0.0143, -0.0206, 0.9460, 75223, 0.0443, -0.3128, -0.1037, -0.0339, -0.0980, 0.1107, -0.0110, 180, 200
1.6710, 0.1201, 0.5867, -0.0825, 0.0143, -0.0206, 0.9460, 75223, 0.0444, -0.3128, -0.1036, -0.0339, -0.0980, 0.1108, -0.0110, 180, 200
1.7020, -0.1196, 0.6117, -0.0454, 0.0316, -0.0197, 0.9470, 75263, 0.0444, -0.3128, -0.1036, -0.0339, -0.0978, 0.1107, -0.0130, 183, 200
1.7180, -0.1196, 0.6117, -0.0454, 0.0316, -0.0197, 0.9470, 75263, 0.0443, -0.3128, -0.1036, -0.0339, -0.0981, 0.1108, -0.0130, 183, 200
1.7340, 0.2234, 0.1161, 0.2777, 0.0518, -0.0188, 0.9479, 75303, 0.0444, -0.3128, -0.1036, -0.0339, -0.0978, 0.1107, -0.0149, 178, 200
1.7490, 0.2234, 0.1161, 0.2777, 0.0518, -0.0188, 0.9479, 75303, 0.0443, -0.3128, -0.1036, -0.0338, -0.0980, 0.1107, -0.0149, 178, 200
1.7810, -0.2637, 0.9800, -0.2048, 0.0641, -0.0194, 0.9482, 75323, 0.0444, -0.3127, -0.1036, -0.0340, -0.0980, 0.1108, -0.0159, 164, 200
1.7960, 0.4580, 0.1027, 0.2892, 0.0885, -0.0190, 0.9489, 75363, 0.0444, -0.3128, -0.1036, -0.0339, -0.0978, 0.1108, -0.0179, 170, 200
1.8120, 0.4580, 0.1027, 0.2892, 0.0885, -0.0190, 0.9489, 75363, 0.0443, -0.3128, -0.1036, -0.0338, -0.0981, 0.1107, -0.0179, 170, 200
1.8430, -0.4602, 0.8426, -0.2752, 0.0977, -0.0183, 0.9495, 75383, 0.0444, -0.3127, -0.1036, -0.0339, -0.0980, 0.1109, -0.0189, 158, 200
1.8590, 0.4448, -0.4736, 0.2392, 0.1052, -0.0175, 0.9503, 75423, 0.0443, -0.3128, -0.1036, -0.0339, -0.0981, 0.1106, -0.0209, 174, 200
1.8740, 0.4448, -0.4736, 0.2392, 0.1052, -0.0175, 0.9503, 75423, 0.0443, -0.3128, -0.1036, -0.0339, -0.0979, 0.1108, -0.0209, 174, 200
1.8900, 0.4228, -0.3137, 0.1266, 0.1021, -0.0192, 0.9509, 75463, 0.0444, -0.3128, -0.1036, -0.0339, -0.0981, 0.1107, -0.0228, 165, 200
1.9210, -0.1236, -0.3212, -0.0282, 0.0976, -0.0173, 0.9516, 75483, 0.0443, -0.3128, -0.1037, -0.0338, -0.0979, 0.1108, -0.0238, 177, 200
1.9370, -0.1236, -0.3212, -0.0282, 0.0976, -0.0173, 0.9516, 75483, 0.0444, -0.3128, -0.1036, -0.0339, -0.0978, 0.1107, -0.0238, 177, 200
1.9520, 0.0011, -0.0110, -0.1003, 0.0956, -0.0188, 0.9519, 75503, 0.0443, -0.3128, -0.1036, -0.0338, -0.0980, 0.1106, -0.0248, 164, 200
1.9840, -0.3895, 0.1059, 0.0317, 0.0963, -0.0197, 0.9528, 75543, 0.0444, -0.3128, -0.1036, -0.0339, -0.0978, 0.1107, -0.0268, 164, 200
1.9990, -0.3895, 0.1059, 0.0317, 0.0963, -0.0197, 0.9528, 75543, 0.0444, -0.3128, -0.1036, -0.0338, -0.0980, 0.1107, -0.0268, 164, 200
2.0150, 0.3000, 0.0500, 0.0169, 0.0991, -0.0195, 0.9535, 75583, 0.0444, -0.3128, -0.1036, -0.0339, -0.0979, 0.1108, -0.0287, 164, 200
2.0300, 0.3000, 0.0500, 0.0169, 0.0991, -0.0195, 0.9535, 75583, 0.0443, -0.3128, -0.1036, -0.0338, -0.0980, 0.1107, -0.0287, 164, 200
2.0620, -0.2787, -0.2664, 0.1019, 0.0981, -0.0197, 0.9540, 75603, 0.0444, -0.3128, -0.1036, -0.0338, -0.0979, 0.1108, -0.0297, 173, 200
2.0770, 0.2333, -0.4518, 0.1524, 0.0949, -0.0209, 0.9542, 75643, 0.0444, -0.3128, -0.1036, -0.0339, -0.0980, 0.1107, -0.0317, 167, 200
2.0930, 0.2333, -0.4518, 0.1524, 0.0949, -0.0209, 0.9542, 75643, 0.0444, -0.3128, -0.1036, -0.0338, -0.0980, 0.1107, -0.0317, 167, 200
2.1240, -0.2416, 0.1672, -0.2865, 0.0902, -0.0199, 0.9547, 75683, 0.0444, -0.3128, -0.1036, -0.0338, -0.0980, 0.1108, -0.0337, 163, 200
2.1400, 0.3975, -0.5464, 0.2736, 0.0867, -0.0187, 0.9556, 75703, 0.0443, -0.3128, -0.1037, -0.0340, -0.0982, 0.1108, -0.0346, 177, 200
2.1550, 0.3975, -0.5464, 0.2736, 0.0867, -0.0187, 0.9556, 75703, 0.0444, -0.3127, -0.1036, -0.0339, -0.0981, 0.1108, -0.0346, 177, 200
2.1710, -0.0390, 0.0175, -0.2322, 0.0812, -0.0187, 0.9561, 75743, 0.0444, -0.3128, -0.1036, -0.0339, -0.0979, 0.1107, -0.0366, 161, 200
2.2020, 0.6048, -0.4392, 0.2508, 0.0782, -0.0176, 0.9571, 75763, 0.0444, -0.3127, -0.1036, -0.0338, -0.0979, 0.1108, -0.0376, 171, 200
2.2180, 0.6048, -0.4392, 0.2508, 0.0782, -0.0176, 0.9571, 75763, 0.0444, -0.3128, -0.1036, -0.0338, -0.0979, 0.1108, -0.0376, 171, 200
2.2340, 0.1992, -0.1954, 0.0142, 0.0709, -0.0182, 0.9577, 75803, 0.0444, -0.3128, -0.1037, -0.0339, -0.0980, 0.1106, -0.0396, 172, 200
2.2490, 0.1992, -0.1954, 0.0142, 0.0709, -0.0182, 0.9577, 75803, 0.0444, -0.3127, -0.1036, -0.0339, -0.0978, 0.1109, -0.0396, 172, 200
2.2800, -0.3016, -0.2997, 0.0352, 0.0593, -0.0166, 0.9589, 75843, 0.0444, -0.3128, -0.1036, -0.0339, -0.0980, 0.1105, -0.0415, 177, 200
2.2960, 0.1024, -0.1196, -0.1481, 0.0555, -0.0164, 0.9587, 75863, 0.0444, -0.3128, -0.1036, -0.0339, -0.0979, 0.1108, -0.0425, 174, 200
2.3120, 0.1024, -0.1196, -0.1481, 0.0555, -0.0164, 0.9587, 75863, 0.0444, -0.3128, -0.1036, -0.0339, -0.0979, 0.1108, -0.0425, 174, 200
2.3430, 0.1688, -0.3174, -0.1758, 0.0433, -0.0159, 0.9601, 75903, 0.0444, -0.3128, -0.1036, -0.0339, -0.0979, 0.1107, -0.0445, 189, 200
2.3590, -0.2045, 0.0296, -0.2341, 0.0384, -0.0157, 0.9598, 75923, 0.0444, -0.3127, -0.1036, -0.0339, -0.0978, 0.1108, -0.0454, 174, 200
2.3740, -0.2045, 0.0296, -0.2341, 0.0384, -0.0157, 0.9598, 75923, 0.0444, -0.3128, -0.1036, -0.0338, -0.0979, 0.1107, -0.0454, 174, 200
2.3900, -0.6104, 0.1989, -0.2277, 0.0276, -0.0147, 0.9615, 75963, 0.0444, -0.3128, -0.1037, -0.0339, -0.0978, 0.1109, -0.0474, 184, 200
2.4210, 0.4642, -0.7870, 0.1443, 0.0166, -0.0122, 0.9622, 76003, 0.0444, -0.3127, -0.1036, -0.0339, -0.0979, 0.1107, -0.0494, 194, 199
2.4370, 0.4642, -0.7870, 0.1443, 0.0166, -0.0122, 0.9622, 76003, 0.0444, -0.3128, -0.1036, -0.0339, -0.0980, 0.1107, -0.0494, 194, 199
2.4520, -0.3000, -0.1403, -0.0677, 0.0120, -0.0126, 0.9624, 76023, 0.0444, -0.3128, -0.1036, -0.0339, -0.0978, 0.1108, -0.0503, 187, 200
2.4830, 0.0110, -0.4481, 0.1551, 0.0054, -0.0113, 0.9631, 76063, 0.0444, -0.3128, -0.1036, -0.0338, -0.0979, 0.1108, -0.0523, 186, 200
2.4990, 0.0110, -0.4481, 0.1551, 0.0054, -0.0113, 0.9631, 76063, 0.0444, -0.3128, -0.1036, -0.0339, -0.0979, 0.1107, -0.0523, 186, 200
2.5150, -0.1992, 0.0968, 0.0785, 0.0037, -0.0113, 0.9638, 76083, 0.0444, -0.3128, -0.1036, -0.0338, -0.0980, 0.1108, -0.0533, 188, 200
2.5300, -0.1992, 0.0968, 0.0785, 0.0037, -0.0113, 0.9638, 76083, 0.0444, -0.3128, -0.1036, -0.0338, -0.0979, 0.1107, -0.0533, 188, 200
2.5620, 0.2599, -0.4088, 0.2502, 0.0059, -0.0120, 0.9643, 76123, 0.0444, -0.3128, -0.1036, -0.0340, -0.0978, 0.1108, -0.0552, 189, 200
2.5770, 0.1037, 0.4682, -0.1653, 0.0073, -0.0110, 0.9653, 76143, 0.0444, -0.3128, -0.1036, -0.0339, -0.0979, 0.1107, -0.0562, 173, 200
2.5930, 0.1037, 0.4682, -0.1653, 0.0073, -0.0110, 0.9653, 76143, 0.0444, -0.3128, -0.1036, -0.0339, -0.0979, 0.1108, -0.0562, 173, 200
2.6240, -0.0172, 0.4876, -0.1922, 0.0124, -0.0124, 0.9652, 76163, 0.0444, -0.3128, -0.1036, -0.0339, -0.0979, 0.1107, -0.0572, 171, 200
2.6400, -0.4153, 0.8004, -0.2053, 0.0258, -0.0120, 0.9666, 76203, 0.0444, -0.3128, -0.1036, -0.0338, -0.0979, 0.1108, -0.0591, 167, 200
2.6550, -0.4153, 0.8004, -0.2053, 0.0258, -0.0120, 0.9666, 76203, 0.0444, -0.3128, -0.1036, -0.0340, -0.0979, 0.1108, -0.0591, 167, 200
2.6710, -0.0925, 0.3615, 0.0814, 0.0483, -0.0099, 0.9673, 76243, 0.0444, -0.3128, -0.1036, -0.0339, -0.0979, 0.1108, -0.0611, 162, 200
2.7020, -0.3946, 0.6128, -0.0865, 0.0592, -0.0101, 0.9674, 76263, 0.0444, -0.3128, -0.1036, -0.0339, -0.0979, 0.1108, -0.0621, 157, 200
2.7180, -0.3946, 0.6128, -0.0865, 0.0592, -0.0101, 0.9674, 76263, 0.0444, -0.3128, -0.1036, -0.0340, -0.0979, 0.1107, -0.0621, 157, 200
2.7330, 0.0043, -0.3744, 0.1129, 0.0658, -0.0087, 0.9688, 76303, 0.0444, -0.3128, -0.1036, -0.0339, -0.0979, 0.1108, -0.0640, 171, 200
2.7650, -0.4911, 0.0736, -0.1207, 0.0634, -0.0101, 0.9688, 76323, 0.0443, -0.3128, -0.1036, -0.0338, -0.0980, 0.1107, -0.0650, 163, 200
2.7800, -0.4911, 0.0736, -0.1207, 0.0634, -0.0101, 0.9688, 76323, 0.0444, -0.3127, -0.1036, -0.0339, -0.0980, 0.1106, -0.0650, 163, 200
2.7960, -0.1349, -0.5402, 0.0989, 0.0527, -0.0099, 0.9697, 76363, 0.0444, -0.3128, -0.1036, -0.0339, -0.0979, 0.1108, -0.0669, 176, 200
2.8120, -0.1349, -0.5402, 0.0989, 0.0527, -0.0099, 0.9697, 76363, 0.0443, -0.3128, -0.1036, -0.0337, -0.0980, 0.1108, -0.0669, 176, 200
2.8430, 0.0989, -0.1433, -0.1481, 0.0433, -0.0094, 0.9701, 76403, 0.0444, -0.3128, -0.1036, -0.0339, -0.0979, 0.1108, -0.0689, 170, 200
2.8580, 0.4446, -0.6134, 0.2290, 0.0386, -0.0096, 0.9709, 76423, 0.0444, -0.3128, -0.1036, -0.0339, -0.0980, 0.1106, -0.0698, 181, 200
2.8740, 0.4446, -0.6134, 0.2290, 0.0386, -0.0096, 0.9709, 76423, 0.0444, -0.3128, -0.1036, -0.0340, -0.0978, 0.1107, -0.0698, 181, 200
2.8900, -0.2269, 0.2712, -0.0164, 0.0358, -0.0101, 0.9715, 76463, 0.0444, -0.3128, -0.1036, -0.0339, -0.0979, 0.1106, -0.0718, 164, 200
2.9210, 0.1744, -0.3110, 0.3145, 0.0349, -0.0099, 0.9725, 76483, 0.0444, -0.3128, -0.1036, -0.0339, -0.0979, 0.1107, -0.0728, 178, 200
2.9360, 0.1744, -0.3110, 0.3145, 0.0349, -0.0099, 0.9725, 76483, 0.0444, -0.3128, -0.1036, -0.0339, -0.0978, 0.1108, -0.0728, 178, 200
2.9520, 0.1148, 0.0304, 0.1521, 0.0422, -0.0120, 0.9730, 76523, 0.0444, -0.3128, -0.1036, -0.0338, -0.0980, 0.1106, -0.0747, 163, 200
2.9830, -0.7555, 0.3725, -0.2510, 0.0480, -0.0129, 0.9742, 76563, 0.0444, -0.3128, -0.1037, -0.0339, -0.0979, 0.1108, -0.0766, 164, 200
2.9990, -0.7555, 0.3725, -0.2510, 0.0480, -0.0129, 0.9742, 76563, 0.0444, -0.3128, -0.1036, -0.0338, -0.0979, 0.1107, -0.0766, 164, 200
3.0150, 0.3513, 0.0521, 0.0997, 0.0504, -0.0113, 0.9746, 76583, 0.0444, -0.3128, -0.1036, -0.0338, -0.0979, 0.1106, -0.0776, 161, 200
3.0300, 0.3513, 0.0521, 0.0997, 0.0504, -0.0113, 0.9746, 76583, 0.0444, -0.3127, -0.1036, -0.0339, -0.0978, 0.1108, -0.0776, 161, 200
3.0610, -0.1059, 0.0994, -0.1236, 0.0552, -0.0140, 0.9756, 76623, 0.0444, -0.3128, -0.1036, -0.0338, -0.0980, 0.1106, -0.0795, 156, 200
3.0770, 0.4244, -0.1279, 0.0804, 0.0552, -0.0133, 0.9762, 76643, 0.0444, -0.3128, -0.1037, -0.0338, -0.0979, 0.1108, -0.0805, 165, 200
3.0930, 0.4244, -0.1279, 0.0804, 0.0552, -0.0133, 0.9762, 76643, 0.0444, -0.3127, -0.1036, -0.0338, -0.0979, 0.1106, -0.0805, 165, 200
3.1240, 0.1938, 0.1438, -0.0613, 0.0517, -0.0122, 0.9774, 76683, 0.0444, -0.3128, -0.1036, -0.0339, -0.0979, 0.1107, -0.0824, 157, 200
3.1400, 0.3478, -0.2777, 0.0981, 0.0501, -0.0108, 0.9776, 76703, 0.0444, -0.3128, -0.1036, -0.0340, -0.0979, 0.1107, -0.0834, 167, 200
3.1550, 0.3478, -0.2777, 0.0981, 0.0501, -0.0108, 0.9776, 76703, 0.0444, -0.3128, -0.1036, -0.0339, -0.0979, 0.1106, -0.0834, 167, 200
3.1710, -0.0110, 0.3026, -0.1683, 0.0475, -0.0110, 0.9777, 76743, 0.0444, -0.3128, -0.1036, -0.0339, -0.0979, 0.1108, -0.0853, 158, 200
3.2020, -0.0559, -0.4507, 0.1433, 0.0405, -0.0089, 0.9790, 76783, 0.0444, -0.3127, -0.1036, -0.0339, -0.0979, 0.1108, -0.0873, 173, 200
3.2180, -0.0559, -0.4507, 0.1433, 0.0405, -0.0089, 0.9790, 76783, 0.0444, -0.3128, -0.1036, -0.0339, -0.0979, 0.1107, -0.0873, 173, 200
3.2330, -0.1804, 0.1793, -0.2666, 0.0396, -0.0094, 0.9790, 76803, 0.0444, -0.3128, -0.1036, -0.0339, -0.0979, 0.1107, -0.0882, 159, 200
3.2650, -0.1804, 0.1793, -0.2666, 0.0396, -0.0094, 0.9790, 76803, 0.0444, -0.3128, -0.1036, -0.0338, -0.0979, 0.1106, -0.0882, 159, 200
3.2800, 0.0546, 0.2269, 0.0298, 0.0410, -0.0086, 0.9804, 76843, 0.0444, -0.3128, -0.1036, -0.0339, -0.0979, 0.1108, -0.0901, 165, 200
3.2960, 0.0546, 0.2269, 0.0298, 0.0410, -0.0086, 0.9804, 76843, 0.0444, -0.3127, -0.1036, -0.0339, -0.0979, 0.1107, -0.0901, 165, 200
3.3110, -0.2314, 0.3303, -0.2967, 0.0428, -0.0089, 0.9802, 76863, 0.0444, -0.3128, -0.1037, -0.0339, -0.0979, 0.1107, -0.0911, 157, 200
3.3430, -0.0650, -0.1812, 0.0188, 0.0372, -0.0080, 0.9814, 76903, 0.0444, -0.3127, -0.1035, -0.0339, -0.0979, 0.1106, -0.0930, 173, 200
3.3580, -0.0650, -0.1812, 0.0188, 0.0372, -0.0080, 0.9814, 76903, 0.0444, -0.3128, -0.1036, -0.0338, -0.0978, 0.1108, -0.0930, 173, 200
3.3740, 0.4577, -0.6349, 0.3583, 0.0302, -0.0086, 0.9816, 76943, 0.0444, -0.3128, -0.1036, -0.0338, -0.0980, 0.1105, -0.0949, 175, 200
3.3890, 0.4577, -0.6349, 0.3583, 0.0302, -0.0086, 0.9816, 76943, 0.0444, -0.3127, -0.1036, -0.0339, -0.0978, 0.1108, -0.0949, 175, 200
3.4210, -0.5220, -0.0468, -0.0591, 0.0271, -0.0087, 0.9826, 76963, 0.0444, -0.3128, -0.1036, -0.0339, -0.0978, 0.1106, -0.0959, 175, 200
3.4360, 0.4913, -0.3911, 0.1884, 0.0271, -0.0065, 0.9837, 77003, 0.0444, -0.3128, -0.1036, -0.0338, -0.0980, 0.1107, -0.0978, 168, 200
3.4520, 0.4913, -0.3911, 0.1884, 0.0271, -0.0065, 0.9837, 77003, 0.0444, -0.3128, -0.1036, -0.0339, -0.0978, 0.1108, -0.0978, 168, 200
3.4830, -0.1992, 0.4303, -0.1750, 0.0290, -0.0070, 0.9838, 77023, 0.0444, -0.3128, -0.1036, -0.0339, -0.0979, 0.1107, -0.0988, 158, 200
3.4990, 0.4042, -0.1218, 0.1196, 0.0288, -0.0066, 0.9847, 77063, 0.0444, -0.3128, -0.1036, -0.0338, -0.0980, 0.1107, -0.1007, 166, 200
3.5140, 0.4042, -0.1218, 0.1196, 0.0288, -0.0066, 0.9847, 77063, 0.0444, -0.3128, -0.1036, -0.0339, -0.0979, 0.1108, -0.1007, 166, 200
3.5300, 0.2306, 0.2223, -0.1212, 0.0290, -0.0077, 0.9851, 77103, 0.0444, -0.3128, -0.1036, -0.0338, -0.0980, 0.1107, -0.1026, 158, 200
3.5610, -0.0468, -0.2107, 0.1502, 0.0300, -0.0075, 0.9856, 77123, 0.0444, -0.3128, -0.1036, -0.0339, -0.0979, 0.1107, -0.1035, 165, 200
3.5770, -0.0468, -0.2107, 0.1502, 0.0300, -0.0075, 0.9856, 77123, 0.0443, -0.3128, -0.1036, -0.0339, -0.0979, 0.1106, -0.1035, 165, 200
3.5930, 0.1379, -0.0250, -0.0669, 0.0293, -0.0075, 0.9861, 77163, 0.0444, -0.3128, -0.1036, -0.0338, -0.0979, 0.1109, -0.1054, 160, 200
3.6240, 0.1376, -0.4171, 0.1258, 0.0276, -0.0077, 0.9868, 77183, 0.0444, -0.3127, -0.1036, -0.0339, -0.0980, 0.1106, -0.1064, 171, 200
3.6390, 0.1376, -0.4171, 0.1258, 0.0276, -0.0077, 0.9868, 77183, 0.0444, -0.3128, -0.1036, -0.0339, -0.0978, 0.1107, -0.1064, 171, 200
3.6550, -0.1441, 0.1400, -0.1011, 0.0230, -0.0077, 0.9882, 77223, 0.0444, -0.3128, -0.1036, -0.0338, -0.0981, 0.1108, -0.1083, 160, 200
3.6710, -0.1441, 0.1400, -0.1011, 0.0230, -0.0077, 0.9882, 77223, 0.0444, -0.3128, -0.1036, -0.0339, -0.0978, 0.1108, -0.1083, 160, 200
3.7020, -0.0250, 0.2849, -0.2105, 0.0194, -0.0052, 0.9891, 77263, 0.0444, -0.3128, -0.1036, -0.0339, -0.0979, 0.1107, -0.1102, 161, 200
3.7180, -0.0984, 0.2118, -0.2008, 0.0202, -0.0054, 0.9887, 77283, 0.0444, -0.3128, -0.1036, -0.0340, -0.0978, 0.1107, -0.1111, 156, 200
3.7330, -0.0984, 0.2118, -0.2008, 0.0202, -0.0054, 0.9887, 77283, 0.0444, -0.3128, -0.1036, -0.0339, -0.0980, 0.1107, -0.1111, 156, 200
3.7640, -0.3403, 0.2833, -0.2105, 0.0194, -0.0054, 0.9900, 77323, 0.0444, -0.3128, -0.1036, -0.0340, -0.0978, 0.1108, -0.1130, 158, 200
3.7800, 0.0296, 0.1029, 0.0331, 0.0188, -0.0061, 0.9894, 77343, 0.0444, -0.3127, -0.1036, -0.0339, -0.0979, 0.1108, -0.1140, 161, 200
3.7960, 0.0296, 0.1029, 0.0331, 0.0188, -0.0061, 0.9894, 77343, 0.0444, -0.3128, -0.1036, -0.0339, -0.0979, 0.1107, -0.1140, 161, 200
3.8110, -0.5854, 0.3510, -0.2398, 0.0145, -0.0066, 0.9906, 77383, 0.0444, -0.3127, -0.1036, -0.0339, -0.0979, 0.1108, -0.1158, 166, 200
3.8430, 0.3013, -0.5472, 0.2322, 0.0124, -0.0058, 0.9920, 77423, 0.0444, -0.3128, -0.1036, -0.0340, -0.0978, 0.1108, -0.1177, 173, 200
3.8580, 0.3013, -0.5472, 0.2322, 0.0124, -0.0058, 0.9920, 77423, 0.0444, -0.3128, -0.1036, -0.0338, -0.0980, 0.1107, -0.1177, 173, 200
3.8740, -0.5986, 0.3529, -0.2962, 0.0120, -0.0075, 0.9924, 77443, 0.0444, -0.3127, -0.1036, -0.0338, -0.0978, 0.1107, -0.1187, 164, 200
3.9050, 0.1564, -0.3349, 0.0191, 0.0124, -0.0031, 0.9938, 77483, 0.0444, -0.3128, -0.1036, -0.0339, -0.0979, 0.1106, -0.1206, 169, 200
3.9210, 0.1564, -0.3349, 0.0191, 0.0124, -0.0031, 0.9938, 77483, 0.0444, -0.3127, -0.1036, -0.0339, -0.0979, 0.1108, -0.1206, 169, 200
3.9360, -0.0266, 0.0352, -0.1368, 0.0115, -0.0035, 0.9940, 77503, 0.0444, -0.3128, -0.1036, -0.0339, -0.0978, 0.1107, -0.1215, 162, 200
3.9520, -0.0266, 0.0352, -0.1368, 0.0115, -0.0035, 0.9940, 77503, 0.0444, -0.3128, -0.1036, -0.0339, -0.0979, 0.1108, -0.1215, 162, 200
3.9830, 0.3478, -0.1228, -0.0261, 0.0099, -0.0017, 0.9941, 77523, 0.0444, -0.3127, -0.1036, -0.0338, -0.0979, 0.1108, -0.1224, 163, 200
3.9990, -0.0347, 0.1959, -0.0621, 0.0052, -0.0026, 0.9948, 77563, 0.0444, -0.3128, -0.1036, -0.0339, -0.0978, 0.1106, -0.1243, 165, 200
4.0140, -0.0347, 0.1959, -0.0621, 0.0052, -0.0026, 0.9948, 77563, 0.0444, -0.3128, -0.1036, -0.0339, -0.0979, 0.1108, -0.1243, 165, 200
4.0300, 0.1172, -0.1884, -0.0169, 0.0035, -0.0030, 0.9948, 77583, 0.0444, -0.3128, -0.1036, -0.0339, -0.0979, 0.1107, -0.1252, 168, 200
4.0610, -0.0234, 0.1037, -0.2271, -0.0021, -0.0037, 0.9957, 77623, 0.0444, -0.3128, -0.1036, -0.0339, -0.0979, 0.1106, -0.1271, 163, 200
4.0770, -0.0234, 0.1037, -0.2271, -0.0021, -0.0037, 0.9957, 77623, 0.0444, -0.3127, -0.1036, -0.0339, -0.0979, 0.1108, -0.1271, 163, 200
4.0920, 0.2699, -0.5101, 0.3252, -0.0068, -0.0044, 0.9968, 77663, 0.0444, -0.3128, -0.1036, -0.0339, -0.0978, 0.1106, -0.1290, 175, 200
4.1240, -0.5179, 0.4290, -0.2986, -0.0094, -0.0052, 0.9976, 77683, 0.0444, -0.3127, -0.1036, -0.0339, -0.0979, 0.1107, -0.1299, 164, 200
4.1390, -0.5179, 0.4290, -0.2986, -0.0094, -0.0052, 0.9976, 77683, 0.0444, -0.3128, -0.1036, -0.0339, -0.0978, 0.1107, -0.1299, 164, 200
4.1550, 0.3994, -0.1142, 0.1379, -0.0112, -0.0045, 0.9987, 77723, 0.0444, -0.3128, -0.1036, -0.0339, -0.0979, 0.1107, -0.1318, 173, 200
4.1710, 0.3994, -0.1142, 0.1379, -0.0112, -0.0045, 0.9987, 77723, 0.0444, -0.3128, -0.1036, -0.0339, -0.0979, 0.1110, -0.1318, 173, 200
4.2020, -0.4064, 0.0903, -0.1578, -0.0131, -0.0056, 0.9987, 77743, 0.0444, -0.3128, -0.1036, -0.0338, -0.0980, 0.1107, -0.1327, 167, 200
4.2170, -0.1736, -0.4860, 0.0887, -0.0211, -0.0042, 0.9996, 77783, 0.0444, -0.3128, -0.1036, -0.0339, -0.0978, 0.1107, -0.1346, 174, 200
4.2330, -0.1736, -0.4860, 0.0887, -0.0211, -0.0042, 0.9996, 77783, 0.0444, -0.3128, -0.1036, -0.0339, -0.0979, 0.1109, -0.1346, 174, 200
4.2640, 0.1019, -0.4059, -0.1575, -0.0319, -0.0052, 1.0002, 77823, 0.0444, -0.3128, -0.1036, -0.0339, -0.0979, 0.1106, -0.1364, 167, 200
4.2800, 0.0108, -0.7158, 0.1554, -0.0408, -0.0044, 1.0006, 77843, 0.0444, -0.3128, -0.1036, -0.0339, -0.0979, 0.1107, -0.1373, 180, 200
4.2960, 0.0108, -0.7158, 0.1554, -0.0408, -0.0044, 1.0006, 77843, 0.0444, -0.3127, -0.1036, -0.0339, -0.0979, 0.1107, -0.1373, 180, 200
4.3110, -0.2107, -0.2578, -0.3110, -0.0625, -0.0040, 1.0009, 77883, 0.0444, -0.3128, -0.1036, -0.0339, -0.0979, 0.1107, -0.1392, 180, 200
4.3420, 0.3072, -0.8655, 0.3521, -0.0742, -0.0031, 1.0020, 77903, 0.0444, -0.3128, -0.1036, -0.0338, -0.0980, 0.1107, -0.1401, 196, 198
4.3580, 0.3072, -0.8655, 0.3521, -0.0742, -0.0031, 1.0020, 77903, 0.0444, -0.3128, -0.1036, -0.0339, -0.0979, 0.1107, -0.1401, 196, 198
4.3740, -0.0591, -0.3755, -0.2828, -0.0979, -0.0044, 1.0020, 77943, 0.0444, -0.3128, -0.1036, -0.0339, -0.0980, 0.1107, -0.1419, 187, 200
4.4050, -0.3258, -0.6483, 0.0048, -0.1203, -0.0016, 1.0032, 77983, 0.0444, -0.3127, -0.1036, -0.0338, -0.0980, 0.1108, -0.1438, 200, 192
4.4210, -0.3258, -0.6483, 0.0048, -0.1203, -0.0016, 1.0032, 77983, 0.0444, -0.3128, -0.1037, -0.0339, -0.0978, 0.1108, -0.1438, 200, 192
4.4360, -0.0602, -0.1167, -0.1379, -0.1285, -0.0017, 1.0034, 78003, 0.0444, -0.3128, -0.1036, -0.0338, -0.0980, 0.1107, -0.1447, 196, 199
4.4520, -0.0602, -0.1167, -0.1379, -0.1285, -0.0017, 1.0034, 78003, 0.0444, -0.3128, -0.1036, -0.0338, -0.0979, 0.1108, -0.1447, 196, 199
4.4830, 0.0989, -0.6572, 0.1425, -0.1436, -0.0017, 1.0046, 78043, 0.0443, -0.3128, -0.1036, -0.0338, -0.0981, 0.1107, -0.1465, 200, 190
4.4990, 0.0419, 0.0199, -0.1892, -0.1485, -0.0026, 1.0048, 78063, 0.0444, -0.3128, -0.1036, -0.0339, -0.0979, 0.1106, -0.1474, 198, 198
4.5140, 0.0419, 0.0199, -0.1892, -0.1485, -0.0026, 1.0048, 78063, 0.0444, -0.3128, -0.1037, -0.0339, -0.0978, 0.1108, -0.1474, 198, 198
4.5450, 0.1607, -0.5093, 0.2416, -0.1560, -0.0014, 1.0051, 78103, 0.0444, -0.3128, -0.1036, -0.0338, -0.0981, 0.1108, -0.1493, 200, 186
4.5610, -0.2822, 0.3704, -0.1814, -0.1552, -0.0028, 1.0050, 78143, 0.0444, -0.3127, -0.1036, -0.0339, -0.0978, 0.1107, -0.1511, 193, 200
4.5770, -0.2822, 0.3704, -0.1814, -0.1552, -0.0028, 1.0050, 78143, 0.0444, -0.3128, -0.1036, -0.0339, -0.0980, 0.1107, -0.1511, 193, 200
4.5920, 0.4787, -0.4486, 0.2285, -0.1534, -0.0024, 1.0060, 78163, 0.0444, -0.3127, -0.1036, -0.0340, -0.0978, 0.1108, -0.1520, 200, 193
4.6240, 0.1605, 0.2556, 0.0030, -0.1503, -0.0047, 1.0062, 78203, 0.0444, -0.3128, -0.1036, -0.0339, -0.0979, 0.1107, -0.1538, 194, 200
4.6390, 0.1605, 0.2556, 0.0030, -0.1503, -0.0047, 1.0062, 78203, 0.0444, -0.3128, -0.1036, -0.0339, -0.0980, 0.1107, -0.1538, 194, 200
4.6550, -0.0538, -0.1167, 0.1070, -0.1468, -0.0035, 1.0067, 78223, 0.0444, -0.3128, -0.1036, -0.0339, -0.0978, 0.1110, -0.1547, 196, 199
4.6700, -0.0538, -0.1167, 0.1070, -0.1468, -0.0035, 1.0067, 78223, 0.0444, -0.3128, -0.1036, -0.0338, -0.0980, 0.1107, -0.1547, 196, 199
4.7020, -0.3376, 0.5217, -0.0040, -0.1412, -0.0052, 1.0071, 78243, 0.0444, -0.3127, -0.1036, -0.0339, -0.0979, 0.1107, -0.1556, 185, 200
4.7170, 0.0519, 0.2403, 0.2398, -0.1253, -0.0052, 1.0078, 78283, 0.0444, -0.3128, -0.1036, -0.0339, -0.0979, 0.1107, -0.1575, 186, 200
4.7330, 0.0519, 0.2403, 0.2398, -0.1253, -0.0052, 1.0078, 78283, 0.0444, -0.3128, -0.1036, -0.0339, -0.0979, 0.1108, -0.1575, 186, 200
4.7640, 0.0126, 0.6324, 0.1113, -0.1159, -0.0051, 1.0088, 78303, 0.0444, -0.3127, -0.1036, -0.0339, -0.0978, 0.1107, -0.1584, 183, 200
4.7800, 0.3792, 0.2825, 0.2639, -0.0890, -0.0049, 1.0100, 78343, 0.0444, -0.3128, -0.1036, -0.0339, -0.0980, 0.1106, -0.1602, 167, 200
4.7950, 0.3792, 0.2825, 0.2639, -0.0890, -0.0049, 1.0100, 78343, 0.0444, -0.3128, -0.1036, -0.0339, -0.0980, 0.1108, -0.1602, 167, 200
4.8110, -0.2992, 1.0095, -0.2809, -0.0574, -0.0038, 1.0107, 78383, 0.0444, -0.3128, -0.1035, -0.0338, -0.0979, 0.1105, -0.1620, 151, 200
4.8420, 0.2935, -0.1054, 0.1924, -0.0501, -0.0033, 1.0112, 78403, 0.0444, -0.3128, -0.1036, -0.0339, -0.0978, 0.1107, -0.1629, 162, 200
4.8580, 0.2935, -0.1054, 0.1924, -0.0501, -0.0033, 1.0112, 78403, 0.0444, -0.3128, -0.1036, -0.0339, -0.0979, 0.1107, -0.1629, 162, 200
4.8740, -0.2545, 0.0258, -0.2779, -0.0600, -0.0051, 1.0119, 78443, 0.0444, -0.3128, -0.1036, -0.0339, -0.0979, 0.1107, -0.1647, 173, 200
4.9050, 0.1169, -0.6453, 0.0704, -0.0698, -0.0049, 1.0119, 78463, 0.0444, -0.3128, -0.1036, -0.0340, -0.0979, 0.1107, -0.1655, 179, 200
4.9200, 0.1169, -0.6453, 0.0704, -0.0698, -0.0049, 1.0119, 78463, 0.0444, -0.3128, -0.1036, -0.0338, -0.0980, 0.1106, -0.1655, 179, 200
4.9360, -0.4731, 0.0992, -0.3126, -0.0918, -0.0058, 1.0128, 78503, 0.0444, -0.3128, -0.1036, -0.0338, -0.0978, 0.1109, -0.1673, 177, 200
4.9520, -0.4731, 0.0992, -0.3126, -0.0918, -0.0058, 1.0128, 78503, 0.0444, -0.3128, -0.1036, -0.0340, -0.0980, 0.1108, -0.1673, 177, 200
4.9830, -0.0331, -0.8235, 0.1583, -0.1103, -0.0037, 1.0130, 78543, 0.0444, -0.3128, -0.1036, -0.0339, -0.0978, 0.1107, -0.1691, 198, 196
4.9990, -0.6112, 0.0441, -0.1922, -0.1192, -0.0059, 1.0130, 78563, 0.0444, -0.3128, -0.1036, -0.0339, -0.0979, 0.1108, -0.1700, 189, 200
5.0140, -0.6112, 0.0441, -0.1922, -0.1192, -0.0059, 1.0130, 78563, 0.0444, -0.3128, -0.1036, -0.0340, -0.0979, 0.1107, -0.1700, 189, 200
5.0450, -0.2005, -0.5679, 0.0763, -0.1370, -0.0073, 1.0140, 78603, 0.0444, -0.3128, -0.1036, -0.0339, -0.0979, 0.1108, -0.1718, 198, 197
5.0610, -0.0059, -0.2551, -0.0145, -0.1466, -0.0077, 1.0146, 78623, 0.0444, -0.3128, -0.1036, -0.0339, -0.0979, 0.1106, -0.1727, 196, 200
5.0770, -0.0059, -0.2551, -0.0145, -0.1466, -0.0077, 1.0146, 78623, 0.0444, -0.3128, -0.1036, -0.0339, -0.0979, 0.1106, -0.1727, 196, 200
5.0920, 0.0425, -0.2986, -0.2349, -0.1545, -0.0073, 1.0147, 78643, 0.0444, -0.3128, -0.1036, -0.0339, -0.0980, 0.1108, -0.1736, 195, 200
5.1230, -0.1054, -0.0836, -0.2564, -0.1806, -0.0084, 1.0156, 78703, 0.0444, -0.3128, -0.1036, -0.0340, -0.0978, 0.1108, -0.1762, 200, 196
5.1390, -0.1054, -0.0836, -0.2564, -0.1806, -0.0084, 1.0156, 78703, 0.0444, -0.3128, -0.1036, -0.0339, -0.0979, 0.1108, -0.1762, 200, 196
5.1550, 0.2946, -0.5690, 0.2537, -0.1892, -0.0086, 1.0158, 78723, 0.0444, -0.3128, -0.1036, -0.0338, -0.0980, 0.1107, -0.1771, 200, 189
5.1700, 0.2946, -0.5690, 0.2537, -0.1892, -0.0086, 1.0158, 78723, 0.0444, -0.3127, -0.1036, -0.0339, -0.0979, 0.1108, -0.1771, 200, 189
5.2020, 0.0333, -0.2787, -0.2053, -0.2068, -0.0106, 1.0167, 78763, 0.0444, -0.3128, -0.1036, -0.0339, -0.0980, 0.1107, -0.1789, 200, 191
5.2170, 0.3287, -0.3836, 0.0000, -0.2149, -0.0099, 1.0168, 78783, 0.0444, -0.3128, -0.1036, -0.0339, -0.0978, 0.1108, -0.1797, 200, 184
5.2330, 0.3287, -0.3836, 0.0000, -0.2149, -0.0099, 1.0168, 78783, 0.0444, -0.3128, -0.1036, -0.0339, -0.0979, 0.1107, -0.1797, 200, 184
5.2640, -0.0470, -0.2282, -0.0376, -0.2318, -0.0117, 1.0182, 78823, 0.0443, -0.3128, -0.1036, -0.0339, -0.0980, 0.1107, -0.1815, 200, 180
5.2800, 0.1411, -0.7561, 0.1828, -0.2473, -0.0117, 1.0191, 78863, 0.0444, -0.3128, -0.1036, -0.0340, -0.0978, 0.1108, -0.1832, 200, 182
5.2950, 0.1411, -0.7561, 0.1828, -0.2473, -0.0117, 1.0191, 78863, 0.0444, -0.3128, -0.1036, -0.0338, -0.0980, 0.1106, -0.1832, 200, 182
5.3110, 0.0059, -0.2946, 0.0906, -0.2543, -0.0115, 1.0201, 78883, 0.0444, -0.3128, -0.1036, -0.0338, -0.0979, 0.1108, -0.1841, 200, 173
5.3420, -0.1387, 0.0089, -0.2777, -0.2585, -0.0117, 1.0198, 78903, 0.0444, -0.3128, -0.1036, -0.0339, -0.0979, 0.1107, -0.1850, 200, 183
5.3580, -0.1387, 0.0089, -0.2777, -0.2585, -0.0117, 1.0198, 78903, 0.0444, -0.3128, -0.1036, -0.0339, -0.0979, 0.1107, -0.1850, 200, 183
5.3730, -0.0411, -0.6464, -0.0274, -0.2709, -0.0119, 1.0219, 78943, 0.0444, -0.3128, -0.1036, -0.0339, -0.0980, 0.1107, -0.1867, 200, 167
5.4050, -0.1062, 0.0857, -0.2712, -0.2747, -0.0129, 1.0215, 78963, 0.0444, -0.3128, -0.1036, -0.0339, -0.0979, 0.1106, -0.1876, 200, 183
5.4200, -0.1062, 0.0857, -0.2712, -0.2747, -0.0129, 1.0215, 78963, 0.0444, -0.3128, -0.1036, -0.0339, -0.0979, 0.1107, -0.1876, 200, 183
5.4360, -0.0785, -0.3575, 0.1016, -0.2812, -0.0136, 1.0222, 79003, 0.0444, -0.3127, -0.1036, -0.0338, -0.0980, 0.1107, -0.1893, 200, 172
5.4520, -0.0785, -0.3575, 0.1016, -0.2812, -0.0136, 1.0222, 79003, 0.0444, -0.3128, -0.1036, -0.0339, -0.0979, 0.1106, -0.1893, 200, 172
5.4830, 0.0110, 0.0481, -0.0503, -0.2831, -0.0141, 1.0224, 79023, 0.0444, -0.3128, -0.1036, -0.0339, -0.0980, 0.1108, -0.1902, 200, 178
5.4980, -0.1083, -0.4782, 0.1943, -0.2855, -0.0133, 1.0229, 79063, 0.0444, -0.3128, -0.1036, -0.0339, -0.0979, 0.1107, -0.1919, 200, 174
5.5140, -0.1083, -0.4782, 0.1943, -0.2855, -0.0133, 1.0229, 79063, 0.0444, -0.3128, -0.1036, -0.0338, -0.0980, 0.1108, -0.1919, 200, 174
5.5450, -0.1634, 0.3448, -0.2502, -0.2843, -0.0120, 1.0235, 79103, 0.0444, -0.3127, -0.1036, -0.0340, -0.0979, 0.1107, -0.1936, 200, 185
5.5610, 0.1532, -0.0933, 0.2887, -0.2820, -0.0126, 1.0247, 79123, 0.0444, -0.3128, -0.1036, -0.0338, -0.0979, 0.1108, -0.1945, 200, 184
5.5760, 0.1532, -0.0933, 0.2887, -0.2820, -0.0126, 1.0247, 79123, 0.0444, -0.3128, -0.1036, -0.0339, -0.0979, 0.1108, -0.1945, 200, 184
5.5920, -0.2021, 0.5806, -0.3067, -0.2744, -0.0136, 1.0252, 79163, 0.0444, -0.3128, -0.1036, -0.0338, -0.0979, 0.1108, -0.1962, 200, 189
5.6230, 0.3814, -0.0978, 0.2059, -0.2684, -0.0126, 1.0252, 79183, 0.0444, -0.3128, -0.1036, -0.0339, -0.0979, 0.1107, -0.1970, 200, 187
5.6390, 0.3814, -0.0978, 0.2059, -0.2684, -0.0126, 1.0252, 79183, 0.0444, -0.3128, -0.1036, -0.0339, -0.0979, 0.1107, -0.1970, 200, 187
5.6550, 0.0048, 0.3733, -0.0981, -0.2574, -0.0127, 1.0261, 79223, 0.0444, -0.3128, -0.1036, -0.0339, -0.0979, 0.1107, -0.1988, 200, 195
5.6860, -0.1398, -0.0296, 0.1683, -0.2456, -0.0133, 1.0273, 79263, 0.0444, -0.3128, -0.1036, -0.0339, -0.0980, 0.1108, -0.2005, 200, 190
5.7010, -0.1398, -0.0296, 0.1683, -0.2456, -0.0133, 1.0273, 79263, 0.0444, -0.3128, -0.1036, -0.0338, -0.0979, 0.1106, -0.2005, 200, 190
5.7170, 0.0409, 0.5230, -0.1021, -0.2391, -0.0129, 1.0278, 79283, 0.0444, -0.3128, -0.1036, -0.0339, -0.0979, 0.1108, -0.2013, 200, 199
5.7330, 0.0409, 0.5230, -0.1021, -0.2391, -0.0129, 1.0278, 79283, 0.0444, -0.3128, -0.1036, -0.0339, -0.0980, 0.1108, -0.2013, 200, 199
5.7640, 0.1728, -0.0075, 0.2846, -0.2243, -0.0134, 1.0285, 79323, 0.0444, -0.3128, -0.1036, -0.0338, -0.0978, 0.1107, -0.2030, 200, 194
5.7800, -0.1876, 0.6316, -0.0027, -0.2155, -0.0140, 1.0290, 79343, 0.0444, -0.3128, -0.1036, -0.0339, -0.0980, 0.1106, -0.2038, 197, 200
5.7950, -0.1876, 0.6316, -0.0027, -0.2155, -0.0140, 1.0290, 79343, 0.0444, -0.3127, -0.1036, -0.0339, -0.0979, 0.1107, -0.2038, 197, 200
5.8110, 0.4163, 0.2196, 0.2935, -0.1936, -0.0138, 1.0289, 79383, 0.0444, -0.3128, -0.1036, -0.0339, -0.0979, 0.1107, -0.2055, 192, 200
5.8420, 0.1855, 0.6510, -0.1204, -0.1681, -0.0140, 1.0294, 79423, 0.0444, -0.3128, -0.1036, -0.0338, -0.0980, 0.1107, -0.2072, 173, 200
5.8580, 0.1855, 0.6510, -0.1204, -0.1681, -0.0140, 1.0294, 79423, 0.0444, -0.3128, -0.1036, -0.0340, -0.0978, 0.1109, -0.2072, 173, 200
5.8730, 0.2591, 0.6332, 0.0532, -0.1546, -0.0127, 1.0294, 79443, 0.0444, -0.3128, -0.1036, -0.0337, -0.0980, 0.1106, -0.2080, 174, 200
5.9050, 0.1761, 0.8440, -0.0669, -0.1274, -0.0136, 1.0301, 79483, 0.0444, -0.3128, -0.1036, -0.0339, -0.0979, 0.1108, -0.2097, 162, 200
5.9200, 0.1761, 0.8440, -0.0669, -0.1274, -0.0136, 1.0301, 79483, 0.0444, -0.3128, -0.1036, -0.0339, -0.0980, 0.1106, -0.2097, 162, 200
5.9360, 0.0688, 1.0155, -0.0019, -0.1124, -0.0131, 1.0296, 79503, 0.0444, -0.3128, -0.1036, -0.0338, -0.0980, 0.1108, -0.2105, 154, 200
5.9510, 0.0688, 1.0155, -0.0019, -0.1124, -0.0131, 1.0296, 79503, 0.0444, -0.3128, -0.1036, -0.0340, -0.0979, 0.1108, -0.2105, 154, 200
5.9830, 0.2516, 0.3755, -0.0796, -0.0888, -0.0129, 1.0303, 79543, 0.0444, -0.3128, -0.1036, -0.0339, -0.0979, 0.1108, -0.2122, 163, 200
5.9980, -0.0887, -0.1384, 0.2172, -0.0791, -0.0138, 1.0297, 79583, 0.0444, -0.3128, -0.1036, -0.0338, -0.0980, 0.1108, -0.2139, 161, 200
6.0140, -0.0887, -0.1384, 0.2172, -0.0791, -0.0138, 1.0297, 79583, 0.0444, -0.3127, -0.1036, -0.0339, -0.0979, 0.1108, -0.2139, 161, 200
6.0450, -0.0887, -0.1384, 0.2172, -0.0791, -0.0138, 1.0297, 79583, 0.0444, -0.3128, -0.1037, -0.0338, -0.0979, 0.1108, -0.2139, 161, 200
6.0610, -0.0285, 0.1984, -0.2298, -0.0794, -0.0133, 1.0297, 79623, 0.0444, -0.3128, -0.1036, -0.0339, -0.0979, 0.1107, -0.2155, 159, 200
6.0760, -0.0285, 0.1984, -0.2298, -0.0794, -0.0133, 1.0297, 79623, 0.0444, -0.3128, -0.1036, -0.0338, -0.0979, 0.1107, -0.2155, 159, 200
6.0920, -0.0331, -0.2857, 0.1167, -0.0846, -0.0145, 1.0296, 79663, 0.0444, -0.3128, -0.1036, -0.0339, -0.0979, 0.1108, -0.2172, 169, 200
6.1230, -0.3212, 0.3704, -0.3395, -0.0864, -0.0150, 1.0287, 79683, 0.0444, -0.3128, -0.1036, -0.0339, -0.0980, 0.1108, -0.2180, 161, 200
6.1390, -0.3212, 0.3704, -0.3395, -0.0864, -0.0150, 1.0287, 79683, 0.0443, -0.3128, -0.1037, -0.0339, -0.0979, 0.1108, -0.2180, 161, 200
6.1540, 0.0712, -0.3965, 0.2002, -0.0909, -0.0129, 1.0292, 79723, 0.0444, -0.3127, -0.1036, -0.0339, -0.0980, 0.1108, -0.2196, 174, 200
6.1860, -0.6822, 0.3371, -0.1161, -0.0911, -0.0143, 1.0292, 79743, 0.0444, -0.3128, -0.1036, -0.0339, -0.0978, 0.1107, -0.2204, 158, 200
6.2010, -0.6822, 0.3371, -0.1161, -0.0911, -0.0143, 1.0292, 79743, 0.0444, -0.3128, -0.1036, -0.0339, -0.0980, 0.1108, -0.2204, 158, 200
6.2170, -0.1075, -0.0930, 0.0753, -0.0908, -0.0124, 1.0294, 79783, 0.0444, -0.3127, -0.1036, -0.0339, -0.0979, 0.1108, -0.2221, 166, 200
6.2330, -0.1075, -0.0930, 0.0753, -0.0908, -0.0124, 1.0294, 79783, 0.0444, -0.3128, -0.1036, -0.0340, -0.0979, 0.1107, -0.2221, 166, 200
6.2640, 0.1419, 0.2494, -0.1677, -0.0908, -0.0124, 1.0289, 79823, 0.0444, -0.3128, -0.1036, -0.0339, -0.0979, 0.1106, -0.2237, 159, 200
6.2790, 0.0175, 0.0634, -0.0116, -0.0894, -0.0124, 1.0290, 79843, 0.0444, -0.3128, -0.1036, -0.0339, -0.0978, 0.1108, -0.2245, 162, 200
6.2950, 0.0175, 0.0634, -0.0116, -0.0894, -0.0124, 1.0290, 79843, 0.0444, -0.3128, -0.1036, -0.0338, -0.0981, 0.1107, -0.2245, 162, 200
6.3110, 0.0239, 0.2067, -0.2510, -0.0883, -0.0124, 1.0290, 79883, 0.0444, -0.3127, -0.1036, -0.0339, -0.0979, 0.1108, -0.2261, 158, 200
6.3420, 0.0253, -0.1099, 0.0116, -0.0894, -0.0124, 1.0289, 79903, 0.0444, -0.3128, -0.1036, -0.0340, -0.0978, 0.1107, -0.2269, 164, 200
6.3580, 0.0253, -0.1099, 0.0116, -0.0894, -0.0124, 1.0289, 79903, 0.0444, -0.3128, -0.1036, -0.0339, -0.0980, 0.1107, -0.2269, 164, 200
6.3730, -0.2285, 0.2193, -0.2303, -0.0929, -0.0117, 1.0297, 79943, 0.0444, -0.3128, -0.1036, -0.0339, -0.0978, 0.1106, -0.2285, 162, 200
6.4040, 0.3287, -0.6706, 0.2416, -0.0995, -0.0112, 1.0303, 79983, 0.0444, -0.3128, -0.1036, -0.0339, -0.0980, 0.1106, -0.2301, 175, 200
6.4200, 0.3287, -0.6706, 0.2416, -0.0995, -0.0112, 1.0303, 79983, 0.0444, -0.3128, -0.1036, -0.0338, -0.0980, 0.1108, -0.2301, 175, 200
6.4360, -0.5803, 0.2064, -0.1562, -0.1037, -0.0124, 1.0301, 80003, 0.0444, -0.3128, -0.1036, -0.0339, -0.0978, 0.1107, -0.2309, 168, 200
6.4510, -0.5803, 0.2064, -0.1562, -0.1037, -0.0124, 1.0301, 80003, 0.0444, -0.3128, -0.1036, -0.0339, -0.0980, 0.1107, -0.2309, 168, 200
6.4830, 0.3924, -0.3868, 0.0607, -0.1122, -0.0120, 1.0303, 80043, 0.0444, -0.3128, -0.1036, -0.0339, -0.0978, 0.1107, -0.2325, 174, 200
6.4980, -0.3610, -0.4486, 0.0669, -0.1175, -0.0117, 1.0306, 80063, 0.0444, -0.3128, -0.1036, -0.0339, -0.0980, 0.1106, -0.2333, 177, 200
6.5140, -0.3610, -0.4486, 0.0669, -0.1175, -0.0117, 1.0306, 80063, 0.0444, -0.3128, -0.1037, -0.0338, -0.0980, 0.1109, -0.2333, 177, 200
6.5450, -0.0968, -0.0970, -0.0500, -0.1257, -0.0106, 1.0301, 80103, 0.0444, -0.3128, -0.1036, -0.0338, -0.0980, 0.1106, -0.2349, 172, 200
6.5610, 0.1121, 0.0855, -0.0986, -0.1321, -0.0096, 1.0311, 80143, 0.0444, -0.3128, -0.1036, -0.0340, -0.0979, 0.1108, -0.2365, 172, 200
6.5760, 0.1121, 0.0855, -0.0986, -0.1321, -0.0096, 1.0311, 80143, 0.0444, -0.3128, -0.1036, -0.0339, -0.0980, 0.1108, -0.2365, 172, 200
6.5920, -0.1228, 0.2884, -0.0970, -0.1339, -0.0103, 1.0306, 80163, 0.0444, -0.3128, -0.1036, -0.0339, -0.0978, 0.1107, -0.2373, 169, 200
6.6230, -0.4817, 0.0489, -0.1715, -0.1368, -0.0094, 1.0315, 80203, 0.0444, -0.3128, -0.1036, -0.0339, -0.0979, 0.1107, -0.2389, 172, 200
6.6390, -0.4817, 0.0489, -0.1715, -0.1368, -0.0094, 1.0315, 80203, 0.0444, -0.3127, -0.1036, -0.0339, -0.0978, 0.1108, -0.2389, 172, 200
6.6540, -0.4817, 0.0489, -0.1715, -0.1368, -0.0094, 1.0315, 80203, 0.0444, -0.3128, -0.1036, -0.0339, -0.0978, 0.1107, -0.2389, 172, 200
6.6860, -0.4346, 0.2336, 0.0457, -0.1292, -0.0086, 1.0313, 80263, 0.0444, -0.3128, -0.1036, -0.0338, -0.0981, 0.1107, -0.2412, 165, 200
6.7010, -0.4346, 0.2336, 0.0457, -0.1292, -0.0086, 1.0313, 80263, 0.0444, -0.3127, -0.1036, -0.0339, -0.0978, 0.1108, -0.2412, 165, 200
6.7170, 0.2223, 0.3091, -0.0758, -0.1260, -0.0093, 1.0315, 80283, 0.0444, -0.3128, -0.1036, -0.0339, -0.0979, 0.1108, -0.2420, 165, 200
6.7320, 0.2223, 0.3091, -0.0758, -0.1260, -0.0093, 1.0315, 80283, 0.0444, -0.3128, -0.1036, -0.0339, -0.0979, 0.1107, -0.2420, 165, 200
6.7640, 0.0774, 0.5247, -0.0575, -0.1208, -0.0084, 1.0308, 80303, 0.0444, -0.3128, -0.1036, -0.0339, -0.0979, 0.1109, -0.2427, 156, 200
6.7790, 0.1656, 0.2148, -0.0298, -0.1117, -0.0072, 1.0317, 80343, 0.0444, -0.3128, -0.1036, -0.0338, -0.0980, 0.1106, -0.2443, 165, 200
6.7950, 0.1656, 0.2148, -0.0298, -0.1117, -0.0072, 1.0317, 80343, 0.0444, -0.3128, -0.1036, -0.0339, -0.0978, 0.1108, -0.2443, 165, 200
6.8110, 0.1000, -0.2317, 0.1830, -0.1093, -0.0066, 1.0313, 80383, 0.0444, -0.3128, -0.1037, -0.0339, -0.0979, 0.1106, -0.2458, 162, 200
6.8420, 0.0301, -0.1193, 0.0793, -0.1114, -0.0061, 1.0320, 80403, 0.0444, -0.3127, -0.1036, -0.0339, -0.0979, 0.1108, -0.2466, 165, 200
6.8570, 0.0301, -0.1193, 0.0793, -0.1114, -0.0061, 1.0320, 80403, 0.0444, -0.3128, -0.1036, -0.0339, -0.0978, 0.1107, -0.2466, 165, 200
6.8730, 0.1973, -0.2658, 0.2728, -0.1169, -0.0058, 1.0311, 80443, 0.0444, -0.3128, -0.1036, -0.0339, -0.0979, 0.1107, -0.2481, 169, 200
6.9040, -0.0097, -0.5427, 0.2013, -0.1218, -0.0061, 1.0318, 80463, 0.0444, -0.3128, -0.1036, -0.0339, -0.0979, 0.1108, -0.2489, 178, 200
6.9200, -0.0097, -0.5427, 0.2013, -0.1218, -0.0061, 1.0318, 80463, 0.0444, -0.3128, -0.1036, -0.0339, -0.0979, 0.1107, -0.2489, 178, 200
6.9360, 0.3137, -0.1828, 0.0239, -0.1274, -0.0066, 1.0311, 80503, 0.0444, -0.3127, -0.1036, -0.0339, -0.0979, 0.1109, -0.2504, 169, 200
6.9510, 0.3137, -0.1828, 0.0239, -0.1274, -0.0066, 1.0311, 80503, 0.0444, -0.3128, -0.1036, -0.0339, -0.0978, 0.1107, -0.2504, 169, 200
6.9820, -0.0742, -0.2610, 0.1137, -0.1307, -0.0065, 1.0313, 80523, 0.0444, -0.3128, -0.1036, -0.0338, -0.0979, 0.1107, -0.2512, 172, 200
6.9980, 0.2301, 0.1368, -0.1726, -0.1333, -0.0072, 1.0306, 80563, 0.0444, -0.3127, -0.1036, -0.0339, -0.0979, 0.1107, -0.2527, 165, 200
7.0140, 0.2301, 0.1368, -0.1726, -0.1333, -0.0072, 1.0306, 80563, 0.0444, -0.3128, -0.1036, -0.0339, -0.0979, 0.1106, -0.2527, 165, 200
7.0450, -0.1191, -0.0839, 0.1658, -0.1323, -0.0079, 1.0308, 80603, 0.0444, -0.3128, -0.1036, -0.0339, -0.0978, 0.1107, -0.2542, 173, 200
7.0610, 0.0779, 0.2360, -0.2446, -0.1304, -0.0079, 1.0303, 80623, 0.0444, -0.3128, -0.1036, -0.0339, -0.0979, 0.1108, -0.2550, 163, 200
7.0760, 0.0779, 0.2360, -0.2446, -0.1304, -0.0079, 1.0303, 80623, 0.0444, -0.3128, -0.1036, -0.0339, -0.0978, 0.1108, -0.2550, 163, 200
7.0920, 0.1398, -0.3252, 0.3443, -0.1257, -0.0065, 1.0310, 80663, 0.0444, -0.3128, -0.1036, -0.0339, -0.0979, 0.1108, -0.2565, 168, 200
7.1230, -0.3572, 0.4161, -0.1927, -0.1241, -0.0068, 1.0313, 80683, 0.0444, -0.3128, -0.1036, -0.0338, -0.0979, 0.1106, -0.2572, 156, 200
7.1390, -0.3572, 0.4161, -0.1927, -0.1241, -0.0068, 1.0313, 80683, 0.0444, -0.3128, -0.1036, -0.0339, -0.0979, 0.1108, -0.2572, 156, 200
7.1540, 0.3115, -0.0763, 0.2021, -0.1248, -0.0072, 1.0308, 80723, 0.0444, -0.3128, -0.1036, -0.0338, -0.0980, 0.1107, -0.2587, 165, 200
7.1850, 0.0965, 0.1019, -0.0194, -0.1279, -0.0073, 1.0313, 80763, 0.0444, -0.3128, -0.1036, -0.0339, -0.0979, 0.1107, -0.2602, 161, 200
7.2010, 0.0965, 0.1019, -0.0194, -0.1279, -0.0073, 1.0313, 80763, 0.0444, -0.3128, -0.1036, -0.0340, -0.0979, 0.1108, -0.2602, 161, 200
7.2170, 0.3518, -0.0761, -0.0185, -0.1281, -0.0061, 1.0315, 80783, 0.0444, -0.3128, -0.1036, -0.0338, -0.0980, 0.1107, -0.2609, 165, 200
7.2320, 0.3518, -0.0761, -0.0185, -0.1281, -0.0061, 1.0315, 80783, 0.0444, -0.3128, -0.1036, -0.0340, -0.0979, 0.1109, -0.2609, 165, 200
7.2640, -0.0742, 0.4448, -0.1220, -0.1258, -0.0073, 1.0322, 80823, 0.0444, -0.3128, -0.1036, -0.0339, -0.0979, 0.1108, -0.2624, 154, 200
7.2790, -0.0043, 0.2639, -0.1656, -0.1232, -0.0073, 1.0315, 80843, 0.0444, -0.3128, -0.1036, -0.0338, -0.0978, 0.1108, -0.2631, 156, 200
7.2950, -0.0043, 0.2639, -0.1656, -0.1232, -0.0073, 1.0315, 80843, 0.0444, -0.3128, -0.1036, -0.0339, -0.0979, 0.1106, -0.2631, 156, 200
7.3260, -0.0024, -0.1072, -0.0030, -0.1272, -0.0079, 1.0322, 80883, 0.0444, -0.3127, -0.1036, -0.0339, -0.0979, 0.1106, -0.2646, 170, 200
7.3420, 0.0411, -0.3078, 0.0191, -0.1340, -0.0086, 1.0318, 80923, 0.0444, -0.3128, -0.1036, -0.0339, -0.0979, 0.1107, -0.2660, 170, 200
7.3570, 0.0411, -0.3078, 0.0191, -0.1340, -0.0086, 1.0318, 80923, 0.0444, -0.3128, -0.1036, -0.0339, -0.0980, 0.1107, -0.2660, 170, 200
7.3730, -0.0191, -0.3174, 0.1852, -0.1384, -0.0084, 1.0327, 80943, 0.0444, -0.3128, -0.1036, -0.0338, -0.0978, 0.1108, -0.2668, 174, 200
7.4040, -0.3989, 0.2298, -0.3250, -0.1403, -0.0091, 1.0317, 80963, 0.0444, -0.3128, -0.1036, -0.0340, -0.0979, 0.1107, -0.2675, 161, 200
7.4200, -0.3989, 0.2298, -0.3250, -0.1403, -0.0091, 1.0317, 80963, 0.0444, -0.3128, -0.1036, -0.0339, -0.0979, 0.1109, -0.2675, 161, 200
7.4350, 0.0973, -0.1629, 0.1210, -0.1440, -0.0091, 1.0320, 81003, 0.0444, -0.3128, -0.1036, -0.0339, -0.0978, 0.1107, -0.2689, 175, 200
7.4510, 0.0973, -0.1629, 0.1210, -0.1440, -0.0091, 1.0320, 81003, 0.0443, -0.3128, -0.1036, -0.0338, -0.0980, 0.1106, -0.2689, 175, 200
7.4820, -0.3190, 0.2484, -0.0968, -0.1428, -0.0112, 1.0320, 81023, 0.0444, -0.3128, -0.1036, -0.0339, -0.0979, 0.1107, -0.2696, 161, 200
7.4980, -0.2285, 0.0298, 0.1145, -0.1381, -0.0103, 1.0320, 81063, 0.0444, -0.3128, -0.1036, -0.0339, -0.0981, 0.1105, -0.2711, 164, 200
7.5140, -0.2285, 0.0298, 0.1145, -0.1381, -0.0103, 1.0320, 81063, 0.0444, -0.3127, -0.1036, -0.0338, -0.0980, 0.1109, -0.2711, 164, 200
7.5450, -0.2199, -0.0860, 0.2301, -0.1358, -0.0103, 1.0320, 81083, 0.0444, -0.3128, -0.1036, -0.0340, -0.0979, 0.1107, -0.2718, 165, 200
7.5600, -0.0242, -0.1451, -0.0298, -0.1347, -0.0101, 1.0318, 81123, 0.0444, -0.3128, -0.1036, -0.0338, -0.0980, 0.1108, -0.2732, 163, 200
7.5760, -0.0242, -0.1451, -0.0298, -0.1347, -0.0101, 1.0318, 81123, 0.0444, -0.3128, -0.1036, -0.0338, -0.0980, 0.1108, -0.2732, 163, 200
7.5920, 0.2121, -0.1580, 0.1648, -0.1382, -0.0099, 1.0324, 81143, 0.0444, -0.3128, -0.1036, -0.0339, -0.0979, 0.1108, -0.2739, 167, 200
7.6230, -0.1172, -0.0390, -0.0242, -0.1477, -0.0096, 1.0315, 81183, 0.0444, -0.3127, -0.1036, -0.0340, -0.0979, 0.1109, -0.2753, 167, 200
7.6390, -0.1172, -0.0390, -0.0242, -0.1477, -0.0096, 1.0315, 81183, 0.0444, -0.3128, -0.1036, -0.0338, -0.0980, 0.1106, -0.2753, 167, 200
7.6540, -0.5354, -0.1731, -0.0183, -0.1590, -0.0089, 1.0325, 81223, 0.0443, -0.3128, -0.1036, -0.0338, -0.0979, 0.1108, -0.2767, 179, 200
7.6850, 0.0978, -0.1723, -0.1543, -0.1630, -0.0093, 1.0324, 81243, 0.0444, -0.3127, -0.1036, -0.0339, -0.0978, 0.1108, -0.2774, 173, 200
7.7010, 0.0978, -0.1723, -0.1543, -0.1630, -0.0093, 1.0324, 81243, 0.0444, -0.3128, -0.1036, -0.0339, -0.0979, 0.1107, -0.2774, 173, 200
7.7170, -0.3999, 0.0414, -0.0293, -0.1698, -0.0105, 1.0325, 81283, 0.0444, -0.3127, -0.1036, -0.0339, -0.0979, 0.1107, -0.2788, 170, 200
7.7320, -0.3999, 0.0414, -0.0293, -0.1698, -0.0105, 1.0325, 81283, 0.0444, -0.3127, -0.1036, -0.0338, -0.0979, 0.1106, -0.2788, 170, 200
7.7630, 0.1623, 0.0419, -0.0667, -0.1721, -0.0112, 1.0327, 81303, 0.0444, -0.3128, -0.1036, -0.0339, -0.0979, 0.1109, -0.2795, 171, 200
7.7790, 0.0156, -0.2973, 0.2287, -0.1761, -0.0108, 1.0325, 81343, 0.0444, -0.3127, -0.1036, -0.0338, -0.0979, 0.1106, -0.2809, 175, 200
7.7950, 0.0156, -0.2973, 0.2287, -0.1761, -0.0108, 1.0325, 81343, 0.0444, -0.3128, -0.1036, -0.0338, -0.0980, 0.1107, -0.2809, 175, 200
7.8260, -0.0634, 0.3196, -0.2516, -0.1735, -0.0117, 1.0322, 81383, 0.0444, -0.3128, -0.1036, -0.0340, -0.0978, 0.1108, -0.2823, 167, 200
7.8420, 0.1613, -0.1336, 0.2134, -0.1712, -0.0113, 1.0322, 81403, 0.0444, -0.3128, -0.1036, -0.0338, -0.0979, 0.1108, -0.2830, 166, 200
7.8570, 0.1613, -0.1336, 0.2134, -0.1712, -0.0113, 1.0322, 81403, 0.0444, -0.3128, -0.1036, -0.0339, -0.0979, 0.1108, -0.2830, 166, 200
7.8730, -0.2086, 0.6007, -0.2578, -0.1613, -0.0124, 1.0322, 81443, 0.0444, -0.3127, -0.1036, -0.0339, -0.0980, 0.1107, -0.2843, 156, 200
7.9040, 0.3862, 0.2967, 0.1779, -0.1559, -0.0115, 1.0320, 81463, 0.0444, -0.3128, -0.1036, -0.0338, -0.0979, 0.1108, -0.2850, 160, 200
7.9200, 0.3862, 0.2967, 0.1779, -0.1559, -0.0115, 1.0320, 81463, 0.0444, -0.3128, -0.1036, -0.0339, -0.0979, 0.1108, -0.2850, 160, 200
7.9350, -0.4163, 0.2473, -0.0817, -0.1497, -0.0126, 1.0325, 81503, 0.0444, -0.3128, -0.1036, -0.0339, -0.0979, 0.1106, -0.2864, 159, 200
7.9670, -0.1352, -0.1242, 0.1080, -0.1489, -0.0140, 1.0325, 81543, 0.0444, -0.3128, -0.1036, -0.0338, -0.0979, 0.1107, -0.2877, 165, 200
7.9820, -0.1352, -0.1242, 0.1080, -0.1489, -0.0140, 1.0325, 81543, 0.0444, -0.3127, -0.1036, -0.0339, -0.0979, 0.1108, -0.2877, 165, 200
7.9980, -0.2785, -0.0056, 0.0056, -0.1492, -0.0150, 1.0325, 81563, 0.0444, -0.3128, -0.1036, -0.0338, -0.0979, 0.1108, -0.2884, 163, 200
8.0130, -0.2785, -0.0056, 0.0056, -0.1492, -0.0150, 1.0325, 81563, 0.0444, -0.3128, -0.1036, -0.0339, -0.0979, 0.1108, -0.2884, 163, 200
8.0450, -0.0355, -0.0306, 0.0957, -0.1499, -0.0129, 1.0315, 81603, 0.0444, -0.3127, -0.1036, -0.0340, -0.0979, 0.1107, -0.2897, 163, 200
8.0600, 0.1027, -0.3379, 0.2381, -0.1522, -0.0127, 1.0318, 81623, 0.0444, -0.3128, -0.1036, -0.0338, -0.0979, 0.1107, -0.2904, 171, 200
8.0760, 0.1027, -0.3379, 0.2381, -0.1522, -0.0127, 1.0318, 81623, 0.0444, -0.3128, -0.1036, -0.0338, -0.0979, 0.1108, -0.2904, 171, 200
8.0910, -0.0946, 0.1605, -0.0895, -0.1524, -0.0133, 1.0313, 81663, 0.0444, -0.3128, -0.1036, -0.0339, -0.0979, 0.1108, -0.2917, 157, 200
8.1230, -0.1656, -0.0739, -0.1199, -0.1552, -0.0122, 1.0322, 81703, 0.0444, -0.3128, -0.1036, -0.0338, -0.0979, 0.1106, -0.2930, 171, 200
8.1380, -0.1656, -0.0739, -0.1199, -0.1552, -0.0122, 1.0322, 81703, 0.0444, -0.3128, -0.1036, -0.0339, -0.0979, 0.1108, -0.2930, 171, 200
8.1540, -0.0231, 0.1575, -0.2567, -0.1555, -0.0120, 1.0317, 81723, 0.0444, -0.3127, -0.1035, -0.0338, -0.0979, 0.1106, -0.2937, 155, 200
8.1850, -0.0788, -0.3368, 0.1513, -0.1581, -0.0110, 1.0320, 81763, 0.0444, -0.3128, -0.1036, -0.0339, -0.0979, 0.1108, -0.2950, 170, 200
8.2010, -0.0788, -0.3368, 0.1513, -0.1581, -0.0110, 1.0320, 81763, 0.0444, -0.3127, -0.1036, -0.0339, -0.0978, 0.1108, -0.2950, 170, 200
8.2160, -0.0718, 0.0667, -0.0925, -0.1595, -0.0117, 1.0318, 81783, 0.0444, -0.3128, -0.1036, -0.0338, -0.0980, 0.1106, -0.2956, 162, 200
8.2320, -0.0718, 0.0667, -0.0925, -0.1595, -0.0117, 1.0318, 81783, 0.0444, -0.3128, -0.1036, -0.0339, -0.0978, 0.1109, -0.2956, 162, 200
8.2630, -0.0223, -0.0610, 0.0626, -0.1607, -0.0096, 1.0315, 81823, 0.0444, -0.3127, -0.1036, -0.0339, -0.0979, 0.1108, -0.2969, 165, 200
8.2790, -0.0554, 0.2139, -0.2395, -0.1627, -0.0106, 1.0318, 81863, 0.0443, -0.3128, -0.1036, -0.0338, -0.0979, 0.1109, -0.2982, 159, 200
8.2950, -0.0554, 0.2139, -0.2395, -0.1627, -0.0106, 1.0318, 81863, 0.0444, -0.3128, -0.1036, -0.0340, -0.0979, 0.1107, -0.2982, 159, 200
8.3260, -0.0554, 0.2139, -0.2395, -0.1627, -0.0106, 1.0318, 81863, 0.0444, -0.3128, -0.1036, -0.0339, -0.0979, 0.1106, -0.2982, 159, 200
8.3410, 0.0591, -0.1462, 0.1935, -0.1613, -0.0110, 1.0327, 81903, 0.0444, -0.3128, -0.1037, -0.0339, -0.0979, 0.1108, -0.2995, 166, 200
8.3570, 0.0591, -0.1462, 0.1935, -0.1613, -0.0110, 1.0327, 81903, 0.0444, -0.3128, -0.1036, -0.0338, -0.0979, 0.1107, -0.2995, 166, 200
8.3730, 0.0804, -0.1371, 0.0102, -0.1597, -0.0113, 1.0318, 81943, 0.0444, -0.3128, -0.1037, -0.0338, -0.0979, 0.1108, -0.3008, 165, 200
8.4040, 0.2548, -0.5002, 0.3516, -0.1623, -0.0101, 1.0327, 81963, 0.0444, -0.3128, -0.1036, -0.0339, -0.0979, 0.1108, -0.3014, 169, 200
8.4200, 0.2548, -0.5002, 0.3516, -0.1623, -0.0101, 1.0327, 81963, 0.0444, -0.3128, -0.1036, -0.0338, -0.0979, 0.1107, -0.3014, 169, 200
8.4350, 0.2379, -0.1037, -0.0976, -0.1665, -0.0098, 1.0325, 82003, 0.0444, -0.3128, -0.1036, -0.0339, -0.0980, 0.1107, -0.3027, 163, 200
8.4660, 0.3631, -0.2131, 0.1441, -0.1677, -0.0089, 1.0332, 82023, 0.0444, -0.3128, -0.1036, -0.0339, -0.0980, 0.1108, -0.3033, 164, 200
8.4820, 0.3631, -0.2131, 0.1441, -0.1677, -0.0089, 1.0332, 82023, 0.0444, -0.3128, -0.1036, -0.0339, -0.0979, 0.1107, -0.3033, 164, 200
8.4980, 0.1086, 0.3069, -0.0554, -0.1684, -0.0117, 1.0336, 82063, 0.0444, -0.3128, -0.1036, -0.0339, -0.0979, 0.1108, -0.3046, 158, 200
8.5130, 0.1086, 0.3069, -0.0554, -0.1684, -0.0117, 1.0336, 82063, 0.0444, -0.3128, -0.1036, -0.0339, -0.0978, 0.1107, -0.3046, 158, 200
8.5450, -0.1054, -0.3037, 0.2091, -0.1653, -0.0110, 1.0336, 82103, 0.0444, -0.3128, -0.1036, -0.0339, -0.0979, 0.1107, -0.3058, 164, 200
8.5600, -0.0081, -0.0215, -0.0602, -0.1648, -0.0119, 1.0339, 82123, 0.0444, -0.3127, -0.1036, -0.0339, -0.0980, 0.1108, -0.3064, 167, 200
8.5760, -0.0081, -0.0215, -0.0602, -0.1648, -0.0119, 1.0339, 82123, 0.0444, -0.3128, -0.1036, -0.0339, -0.0978, 0.1106, -0.3064, 167, 200
8.5910, 0.0519, -0.1086, 0.2223, -0.1634, -0.0120, 1.0339, 82163, 0.0444, -0.3128, -0.1036, -0.0339, -0.0980, 0.1108, -0.3076, 164, 200
8.6230, 0.0218, -0.1704, 0.1548, -0.1642, -0.0115, 1.0346, 82183, 0.0444, -0.3128, -0.1036, -0.0339, -0.0979, 0.1107, -0.3083, 168, 200
8.6380, 0.0218, -0.1704, 0.1548, -0.1642, -0.0115, 1.0346, 82183, 0.0444, -0.3128, -0.1036, -0.0339, -0.0980, 0.1107, -0.3083, 168, 200
8.6540, 0.0788, -0.2403, 0.0629, -0.1651, -0.0124, 1.0339, 82223, 0.0444, -0.3127, -0.1036, -0.0339, -0.0979, 0.1107, -0.3095, 166, 200
8.6850, -0.4884, -0.2059, -0.2196, -0.1724, -0.0122, 1.0348, 82263, 0.0444, -0.3128, -0.1036, -0.0339, -0.0980, 0.1106, -0.3107, 171, 200
8.7010, -0.4884, -0.2059, -0.2196, -0.1724, -0.0122, 1.0348, 82263, 0.0444, -0.3128, -0.1036, -0.0339, -0.0979, 0.1108, -0.3107, 171, 200
8.7160, 0.2336, -0.0234, -0.1191, -0.1756, -0.0133, 1.0345, 82283, 0.0444, -0.3128, -0.1036, -0.0339, -0.0978, 0.1109, -0.3113, 165, 200
8.7320, 0.2336, -0.0234, -0.1191, -0.1756, -0.0133, 1.0345, 82283, 0.0444, -0.3128, -0.1036, -0.0339, -0.0980, 0.1106, -0.3113, 165, 200
8.7630, -0.3545, -0.0081, 0.0228, -0.1791, -0.0133, 1.0352, 82323, 0.0444, -0.3128, -0.1036, -0.0338, -0.0980, 0.1108, -0.3125, 168, 200
8.7790, 0.1516, 0.1892, -0.0831, -0.1805, -0.0134, 1.0353, 82343, 0.0444, -0.3128, -0.1036, -0.0339, -0.0978, 0.1106, -0.3131, 165, 200
8.7940, 0.1516, 0.1892, -0.0831, -0.1805, -0.0134, 1.0353, 82343, 0.0444, -0.3128, -0.1036, -0.0338, -0.0980, 0.1107, -0.3131, 165, 200
8.8260, 0.0653, -0.2680, 0.2075, -0.1796, -0.0127, 1.0353, 82383, 0.0444, -0.3128, -0.1036, -0.0339, -0.0979, 0.1107, -0.3143, 170, 200
8.8410, -0.0102, 0.4180, -0.2731, -0.1770, -0.0110, 1.0355, 82423, 0.0444, -0.3128, -0.1036, -0.0338, -0.0980, 0.1105, -0.3155, 155, 200
8.8570, -0.0102, 0.4180, -0.2731, -0.1770, -0.0110, 1.0355, 82423, 0.0444, -0.3128, -0.1037, -0.0339, -0.0979, 0.1109, -0.3155, 155, 200
8.8730, 0.1199, -0.0852, 0.1099, -0.1752, -0.0110, 1.0353, 82443, 0.0444, -0.3128, -0.1036, -0.0339, -0.0979, 0.1108, -0.3160, 159, 200
8.9040, -0.2771, 0.3209, -0.2820, -0.1758, -0.0113, 1.0352, 82483, 0.0444, -0.3128, -0.1036, -0.0338, -0.0979, 0.1106, -0.3172, 156, 200
8.9190, -0.2771, 0.3209, -0.2820, -0.1758, -0.0113, 1.0352, 82483, 0.0444, -0.3128, -0.1036, -0.0338, -0.0980, 0.1107, -0.3172, 156, 200
8.9350, 0.2680, -0.0478, 0.0890, -0.1778, -0.0106, 1.0345, 82503, 0.0444, -0.3127, -0.1036, -0.0339, -0.0978, 0.1107, -0.3178, 162, 200
8.9660, -0.6072, 0.1411, -0.1226, -0.1822, -0.0099, 1.0348, 82543, 0.0444, -0.3128, -0.1037, -0.0339, -0.0979, 0.1108, -0.3189, 161, 200
8.9820, -0.6072, 0.1411, -0.1226, -0.1822, -0.0099, 1.0348, 82543, 0.0444, -0.3127, -0.1036, -0.0339, -0.0979, 0.1107, -0.3189, 161, 200
8.9980, 0.3432, 0.1191, -0.1086, -0.1829, -0.0103, 1.0348, 82563, 0.0444, -0.3128, -0.1036, -0.0339, -0.0979, 0.1108, -0.3195, 162, 200
9.0130, 0.3432, 0.1191, -0.1086, -0.1829, -0.0103, 1.0348, 82563, 0.0444, -0.3128, -0.1036, -0.0339, -0.0979, 0.1107, -0.3195, 162, 200
9.0440, 0.1037, -0.1551, 0.0462, -0.1843, -0.0096, 1.0348, 82583, 0.0444, -0.3128, -0.1036, -0.0339, -0.0978, 0.1107, -0.3201, 165, 200
9.0600, 0.0551, 0.3271, -0.1067, -0.1831, -0.0099, 1.0348, 82623, 0.0444, -0.3128, -0.1037, -0.0338, -0.0981, 0.1107, -0.3212, 161, 200
9.0760, 0.0551, 0.3271, -0.1067, -0.1831, -0.0099, 1.0348, 82623, 0.0444, -0.3127, -0.1035, -0.0339, -0.0979, 0.1107, -0.3212, 161, 200
9.1070, 0.0435, -0.1731, 0.2567, -0.1789, -0.0103, 1.0348, 82663, 0.0444, -0.3128, -0.1036, -0.0338, -0.0978, 0.1108, -0.3224, 162, 200
9.1230, 0.0247, -0.0790, -0.0637, -0.1784, -0.0099, 1.0352, 82683, 0.0444, -0.3128, -0.1036, -0.0338, -0.0980, 0.1107, -0.3229, 167, 200
9.1380, 0.0247, -0.0790, -0.0637, -0.1784, -0.0099, 1.0352, 82683, 0.0444, -0.3127, -0.1036, -0.0338, -0.0979, 0.1108, -0.3229, 167, 200
9.1540, -0.1516, 0.3145, -0.3016, -0.1770, -0.0101, 1.0345, 82703, 0.0444, -0.3128, -0.1036, -0.0339, -0.0979, 0.1108, -0.3235, 156, 200
9.1850, -0.3868, 0.3303, -0.2470, -0.1810, -0.0120, 1.0350, 82763, 0.0444, -0.3127, -0.1036, -0.0339, -0.0980, 0.1107, -0.3252, 155, 200
9.2010, -0.3868, 0.3303, -0.2470, -0.1810, -0.0120, 1.0350, 82763, 0.0444, -0.3128, -0.1036, -0.0339, -0.0979, 0.1108, -0.3252, 155, 200
9.2160, 0.1876, -0.1863, 0.0382, -0.1822, -0.0117, 1.0343, 82783, 0.0444, -0.3128, -0.1036, -0.0339, -0.0980, 0.1107, -0.3257, 164, 200
9.2320, 0.1876, -0.1863, 0.0382, -0.1822, -0.0117, 1.0343, 82783, 0.0444, -0.3128, -0.1036, -0.0338, -0.0978, 0.1109, -0.3257, 164, 200
9.2630, 0.1521, -0.3841, 0.1994, -0.1850, -0.0110, 1.0350, 82803, 0.0444, -0.3128, -0.1037, -0.0339, -0.0980, 0.1106, -0.3263, 168, 200
9.2790, 0.3115, 0.0683, -0.0946, -0.1883, -0.0124, 1.0348, 82843, 0.0444, -0.3127, -0.1036, -0.0339, -0.0979, 0.1107, -0.3274, 163, 200
9.2940, 0.3115, 0.0683, -0.0946, -0.1883, -0.0124, 1.0348, 82843, 0.0444, -0.3128, -0.1036, -0.0339, -0.0979, 0.1106, -0.3274, 163, 200
9.3260, 0.1895, -0.0398, 0.1072, -0.1880, -0.0117, 1.0348, 82863, 0.0444, -0.3128, -0.1036, -0.0338, -0.0980, 0.1107, -0.3279, 164, 200
9.3410, 0.0204, 0.2690, -0.0758, -0.1847, -0.0119, 1.0348, 82903, 0.0444, -0.3128, -0.1036, -0.0339, -0.0979, 0.1107, -0.3290, 162, 200
9.3570, 0.0204, 0.2690, -0.0758, -0.1847, -0.0119, 1.0348, 82903, 0.0444, -0.3128, -0.1036, -0.0339, -0.0979, 0.1107, -0.3290, 162, 200
9.3720, -0.0495, -0.1371, 0.0454, -0.1841, -0.0117, 1.0343, 82943, 0.0444, -0.3127, -0.1036, -0.0339, -0.0979, 0.1108, -0.3301, 164, 200
9.4040, 0.0392, -0.0492, -0.0089, -0.1854, -0.0113, 1.0345, 82963, 0.0444, -0.3128, -0.1036, -0.0339, -0.0980, 0.1107, -0.3306, 165, 200
9.4190, 0.0392, -0.0492, -0.0089, -0.1854, -0.0113, 1.0345, 82963, 0.0444, -0.3128, -0.1036, -0.0339, -0.0979, 0.1107, -0.3306, 165, 200
9.4350, 0.1441, -0.0661, 0.2615, -0.1874, -0.0119, 1.0338, 83003, 0.0444, -0.3128, -0.1036, -0.0339, -0.0979, 0.1109, -0.3316, 157, 200
9.4660, 0.0352, -0.4166, 0.2328, -0.1892, -0.0113, 1.0346, 83023, 0.0444, -0.3128, -0.1036, -0.0339, -0.0979, 0.1106, -0.3322, 171, 200
9.4820, 0.0352, -0.4166, 0.2328, -0.1892, -0.0113, 1.0346, 83023, 0.0444, -0.3128, -0.1036, -0.0340, -0.0978, 0.1108, -0.3322, 171, 200
9.4970, 0.2064, -0.0204, 0.0341, -0.1911, -0.0129, 1.0345, 83063, 0.0444, -0.3128, -0.1036, -0.0338, -0.0980, 0.1108, -0.3332, 163, 200
9.5130, 0.2064, -0.0204, 0.0341, -0.1911, -0.0129, 1.0345, 83063, 0.0444, -0.3128, -0.1036, -0.0338, -0.0979, 0.1108, -0.3332, 163, 200
9.5440, -0.3548, 0.1142, -0.0578, -0.1948, -0.0145, 1.0348, 83103, 0.0444, -0.3128, -0.1036, -0.0339, -0.0979, 0.1107, -0.3343, 164, 200
9.5600, 0.2884, 0.1903, -0.1078, -0.1944, -0.0150, 1.0346, 83123, 0.0444, -0.3128, -0.1036, -0.0339, -0.0979, 0.1108, -0.3348, 161, 200
9.5760, 0.2884, 0.1903, -0.1078, -0.1944, -0.0150, 1.0346, 83123, 0.0444, -0.3128, -0.1037, -0.0338, -0.0979, 0.1108, -0.3348, 161, 200
9.6070, 0.0930, -0.2295, 0.2398, -0.1918, -0.0152, 1.0348, 83163, 0.0444, -0.3128, -0.1036, -0.0339, -0.0980, 0.1108, -0.3358, 165, 200
9.6220, 0.0599, 0.1820, -0.1312, -0.1899, -0.0159, 1.0350, 83183, 0.0444, -0.3128, -0.1036, -0.0338, -0.0978, 0.1108, -0.3363, 163, 200
9.6380, 0.0599, 0.1820, -0.1312, -0.1899, -0.0159, 1.0350, 83183, 0.0444, -0.3128, -0.1037, -0.0339, -0.0980, 0.1107, -0.3363, 163, 200
9.6540, 0.0723, -0.2502, 0.1317, -0.1908, -0.0168, 1.0348, 83223, 0.0444, -0.3127, -0.1036, -0.0339, -0.0978, 0.1108, -0.3373, 161, 200
9.6850, -0.1580, 0.1688, -0.2642, -0.1955, -0.0161, 1.0348, 83263, 0.0444, -0.3128, -0.1036, -0.0339, -0.0979, 0.1107, -0.3383, 160, 200
9.7010, -0.1580, 0.1688, -0.2642, -0.1955, -0.0161, 1.0348, 83263, 0.0444, -0.3128, -0.1036, -0.0339, -0.0979, 0.1108, -0.3383, 160, 200
9.7160, 0.1822, -0.2639, 0.0809, -0.1977, -0.0166, 1.0346, 83283, 0.0444, -0.3127, -0.1036, -0.0338, -0.0978, 0.1106, -0.3388, 163, 200
9.7320, 0.1822, -0.2639, 0.0809, -0.1977, -0.0166, 1.0346, 83283, 0.0443, -0.3128, -0.1036, -0.0339, -0.0980, 0.1108, -0.3388, 163, 200
9.7630, -0.4929, 0.2707, -0.1978, -0.2009, -0.0183, 1.0352, 83323, 0.0444, -0.3127, -0.1036, -0.0339, -0.0979, 0.1108, -0.3398, 166, 200
9.7790, 0.2360, 0.0446, -0.0473, -0.1998, -0.0188, 1.0350, 83343, 0.0444, -0.3128, -0.1036, -0.0339, -0.0978, 0.1107, -0.3403, 162, 200
9.7940, 0.2360, 0.0446, -0.0473, -0.1998, -0.0188, 1.0350, 83343, 0.0444, -0.3128, -0.1036, -0.0339, -0.0980, 0.1107, -0.3403, 162, 200
9.8250, -0.2825, -0.0409, 0.0836, -0.1993, -0.0187, 1.0350, 83383, 0.0444, -0.3127, -0.1036, -0.0338, -0.0978, 0.1108, -0.3413, 165, 200
9.8410, 0.1411, 0.1285, -0.0664, -0.1969, -0.0178, 1.0341, 83423, 0.0444, -0.3128, -0.1036, -0.0339, -0.0980, 0.1106, -0.3423, 160, 200
9.8570, 0.1411, 0.1285, -0.0664, -0.1969, -0.0178, 1.0341, 83423, 0.0444, -0.3128, -0.1036, -0.0339, -0.0979, 0.1108, -0.3423, 160, 200
9.8720, 0.1411, 0.1285, -0.0664, -0.1969, -0.0178, 1.0341, 83423, 0.0444, -0.3128, -0.1036, -0.0339, -0.0979, 0.1107, -0.3423, 160, 200
9.9040, -0.0462, -0.3072, 0.2298, -0.1962, -0.0178, 1.0341, 83443, 0.0444, -0.3128, -0.1036, -0.0339, -0.0978, 0.1107, -0.3428, 163, 200
9.9190, -0.1086, 0.1675, -0.2629, -0.1984, -0.0173, 1.0338, 83483, 0.0444, -0.3127, -0.1036, -0.0338, -0.0979, 0.1108, -0.3437, 160, 200
9.9350, -0.1086, 0.1675, -0.2629, -0.1984, -0.0173, 1.0338, 83483, 0.0443, -0.3128, -0.1036, -0.0338, -0.0980, 0.1107, -0.3437, 160, 200
9.9660, -0.1024, 0.2916, -0.0728, -0.1988, -0.0180, 1.0334, 83503, 0.0444, -0.3128, -0.1036, -0.0340, -0.0979, 0.1109, -0.3442, 156, 200
9.9820, -0.4174, 0.3451, -0.1825, -0.2011, -0.0192, 1.0339, 83543, 0.0444, -0.3128, -0.1036, -0.0338, -0.0979, 0.1106, -0.3451, 167, 200
9.9970, -0.4174, 0.3451, -0.1825, -0.2011, -0.0192, 1.0339, 83543, 0.0444, -0.3128, -0.1036, -0.0339, -0.0979, 0.1108, -0.3451, 167, 200
10.0130, 0.4325, -0.3115, 0.1873, -0.2011, -0.0183, 1.0336, 83583, 0.0444, -0.3127, -0.1036, -0.0340, -0.0978, 0.1108, -0.3461, 164, 200
10.0440, -0.5749, -0.0411, -0.0726, -0.2016, -0.0192, 1.0341, 83603, 0.0444, -0.3128, -0.1036, -0.0339, -0.0979, 0.1106, -0.3465, 168, 200
10.0600, -0.5749, -0.0411, -0.0726, -0.2016, -0.0192, 1.0341, 83603, 0.0444, -0.3128, -0.1036, -0.0339, -0.0979, 0.1108, -0.3465, 168, 200
10.0750, 0.2798, 0.1650, -0.0215, -0.2014, -0.0192, 1.0339, 83643, 0.0444, -0.3128, -0.1036, -0.0338, -0.0980, 0.1106, -0.3475, 156, 200
10.1070, -0.2164, -0.2559, 0.1774, -0.2005, -0.0199, 1.0341, 83663, 0.0444, -0.3128, -0.1036, -0.0339, -0.0978, 0.1108, -0.3479, 163, 200
10.1220, -0.2164, -0.2559, 0.1774, -0.2005, -0.0199, 1.0341, 83663, 0.0444, -0.3127, -0.1036, -0.0340, -0.0979, 0.1108, -0.3479, 163, 200
10.1380, 0.0245, 0.2287, -0.2373, -0.2016, -0.0199, 1.0336, 83703, 0.0444, -0.3128, -0.1036, -0.0339, -0.0980, 0.1107, -0.3488, 157, 200
10.1540, 0.0245, 0.2287, -0.2373, -0.2016, -0.0199, 1.0336, 83703, 0.0443, -0.3128, -0.1036, -0.0340, -0.0979, 0.1108, -0.3488, 157, 200
10.1850, 0.0333, -0.1798, 0.2685, -0.2032, -0.0201, 1.0336, 83743, 0.0444, -0.3128, -0.1036, -0.0339, -0.0979, 0.1107, -0.3497, 165, 200
10.2000, -0.1134, 0.1922, -0.2255, -0.2032, -0.0195, 1.0334, 83763, 0.0444, -0.3128, -0.1036, -0.0338, -0.0979, 0.1108, -0.3502, 160, 200
10.2160, -0.1134, 0.1922, -0.2255, -0.2032, -0.0195, 1.0334, 83763, 0.0444, -0.3128, -0.1036, -0.0339, -0.0979, 0.1108, -0.3502, 160, 200
10.2470, 0.2239, -0.5002, 0.2989, -0.2049, -0.0185, 1.0334, 83803, 0.0444, -0.3128, -0.1036, -0.0339, -0.0979, 0.1107, -0.3511, 170, 200
10.2630, -0.4771, 0.0250, -0.1556, -0.2065, -0.0187, 1.0334, 83823, 0.0444, -0.3128, -0.1036, -0.0339, -0.0980, 0.1107, -0.3515, 169, 200
10.2790, -0.4771, 0.0250, -0.1556, -0.2065, -0.0187, 1.0334, 83823, 0.0444, -0.3128, -0.1036, -0.0340, -0.0979, 0.1107, -0.3515, 169, 200
10.2940, 0.3720, -0.1070, 0.0527, -0.2089, -0.0168, 1.0329, 83863, 0.0444, -0.3128, -0.1036, -0.0339, -0.0979, 0.1108, -0.3524, 165, 200
10.3250, -0.0005, -0.0081, 0.0185, -0.2103, -0.0176, 1.0334, 83903, 0.0444, -0.3128, -0.1036, -0.0338, -0.0979, 0.1109, -0.3533, 166, 200
10.3410, -0.0005, -0.0081, 0.0185, -0.2103, -0.0176, 1.0334, 83903, 0.0444, -0.3128, -0.1036, -0.0339, -0.0979, 0.1108, -0.3533, 166, 200
10.3570, 0.1865, 0.3220, -0.1881, -0.2096, -0.0171, 1.0329, 83923, 0.0444, -0.3128, -0.1036, -0.0339, -0.0980, 0.1106, -0.3537, 156, 200
10.3720, 0.1865, 0.3220, -0.1881, -0.2096, -0.0171, 1.0329, 83923, 0.0444, -0.3128, -0.1036, -0.0340, -0.0979, 0.1108, -0.3537, 156, 200
10.4030, -0.0070, -0.2927, 0.1726, -0.2077, -0.0168, 1.0332, 83963, 0.0444, -0.3128, -0.1036, -0.0339, -0.0978, 0.1107, -0.3545, 168, 200
10.4190, 0.0352, 0.1919, -0.2567, -0.2075, -0.0164, 1.0327, 83983, 0.0444, -0.3128, -0.1036, -0.0338, -0.0979, 0.1106, -0.3550, 161, 200
10.4350, 0.0352, 0.1919, -0.2567, -0.2075, -0.0164, 1.0327, 83983, 0.0444, -0.3128, -0.1036, -0.0339, -0.0978, 0.1109, -0.3550, 161, 200
10.4660, 0.2965, -0.3876, 0.3193, -0.2105, -0.0166, 1.0325, 84023, 0.0444, -0.3128, -0.1036, -0.0338, -0.0980, 0.1106, -0.3558, 170, 200
10.4820, -0.2193, 0.4483, -0.2177, -0.2100, -0.0168, 1.0313, 84063, 0.0444, -0.3128, -0.1036, -0.0339, -0.0979, 0.1109, -0.3566, 154, 200
10.4970, -0.2193, 0.4483, -0.2177, -0.2100, -0.0168, 1.0313, 84063, 0.0444, -0.3128, -0.1036, -0.0339, -0.0978, 0.1106, -0.3566, 154, 200
10.5130, 0.3895, -0.2594, 0.1709, -0.2108, -0.0152, 1.0315, 84083, 0.0444, -0.3128, -0.1036, -0.0339, -0.0979, 0.1107, -0.3570, 164, 200
10.5440, -0.1613, 0.0011, -0.0992, -0.2157, -0.0143, 1.0317, 84123, 0.0444, -0.3128, -0.1036, -0.0339, -0.0978, 0.1109, -0.3579, 165, 200
10.5600, -0.1613, 0.0011, -0.0992, -0.2157, -0.0143, 1.0317, 84123, 0.0444, -0.3128, -0.1036, -0.0339, -0.0979, 0.1106, -0.3579, 165, 200
10.5750, 0.3174, 0.1199, -0.1210, -0.2175, -0.0136, 1.0311, 84143, 0.0444, -0.3128, -0.1037, -0.0339, -0.0979, 0.1108, -0.3583, 161, 200
10.6070, 0.0672, -0.1325, 0.1349, -0.2197, -0.0136, 1.0308, 84163, 0.0444, -0.3128, -0.1036, -0.0339, -0.0979, 0.1107, -0.3587, 166, 200
10.6220, 0.0672, -0.1325, 0.1349, -0.2197, -0.0136, 1.0308, 84163, 0.0444, -0.3128, -0.1036, -0.0338, -0.0980, 0.1107, -0.3587, 166, 200
10.6380, 0.0288, 0.1728, -0.2207, -0.2203, -0.0143, 1.0304, 84203, 0.0444, -0.3128, -0.1036, -0.0339, -0.0979, 0.1108, -0.3595, 165, 200
10.6530, 0.0288, 0.1728, -0.2207, -0.2203, -0.0143, 1.0304, 84203, 0.0444, -0.3128, -0.1036, -0.0338, -0.0979, 0.1107, -0.3595, 165, 200
10.6850, -0.1239, 0.2328, -0.1266, -0.2190, -0.0141, 1.0297, 84223, 0.0444, -0.3128, -0.1037, -0.0338, -0.0979, 0.1108, -0.3599, 157, 200
10.7000, -0.1879, 0.1465, -0.0376, -0.2152, -0.0134, 1.0296, 84263, 0.0444, -0.3127, -0.1036, -0.0339, -0.0979, 0.1107, -0.3607, 164, 200
10.7160, -0.1879, 0.1465, -0.0376, -0.2152, -0.0134, 1.0296, 84263, 0.0444, -0.3128, -0.1037, -0.0339, -0.0980, 0.1107, -0.3607, 164, 200
10.7470, -0.1005, 0.4451, -0.3475, -0.2126, -0.0134, 1.0289, 84283, 0.0444, -0.3128, -0.1036, -0.0339, -0.0979, 0.1109, -0.3610, 153, 200
10.7630, -0.2540, 0.0745, -0.2139, -0.2187, -0.0124, 1.0290, 84343, 0.0444, -0.3128, -0.1036, -0.0338, -0.0979, 0.1108, -0.3622, 165, 200
10.7780, -0.2540, 0.0745, -0.2139, -0.2187, -0.0124, 1.0290, 84343, 0.0444, -0.3128, -0.1036, -0.0339, -0.0979, 0.1107, -0.3622, 165, 200
10.7940, 0.4306, -0.1398, -0.0478, -0.2211, -0.0115, 1.0289, 84363, 0.0444, -0.3127, -0.1036, -0.0340, -0.0979, 0.1108, -0.3626, 165, 200
10.8250, 0.1454, -0.2656, 0.0978, -0.2253, -0.0110, 1.0294, 84383, 0.0444, -0.3128, -0.1036, -0.0339, -0.0979, 0.1107, -0.3630, 170, 200
10.8410, 0.1454, -0.2656, 0.0978, -0.2253, -0.0110, 1.0294, 84383, 0.0443, -0.3128, -0.1036, -0.0338, -0.0980, 0.1109, -0.3630, 170, 200
10.8560, 0.0960, 0.1588, -0.1239, -0.2311, -0.0119, 1.0290, 84423, 0.0444, -0.3127, -0.1036, -0.0339, -0.0978, 0.1107, -0.3637, 164, 200
10.8720, 0.0960, 0.1588, -0.1239, -0.2311, -0.0119, 1.0290, 84423, 0.0444, -0.3128, -0.1036, -0.0339, -0.0978, 0.1107, -0.3637, 164, 200
10.9030, 0.0680, 0.0108, -0.0911, -0.2323, -0.0117, 1.0282, 84443, 0.0444, -0.3128, -0.1036, -0.0339, -0.0979, 0.1107, -0.3641, 167, 200
10.9190, -0.1285, -0.0400, -0.0449, -0.2339, -0.0129, 1.0285, 84483, 0.0444, -0.3128, -0.1036, -0.0339, -0.0979, 0.1108, -0.3648, 172, 200
10.9350, -0.1285, -0.0400, -0.0449, -0.2339, -0.0129, 1.0285, 84483, 0.0444, -0.3128, -0.1036, -0.0339, -0.0979, 0.1107, -0.3648, 172, 200
10.9660, 0.3045, -0.0013, 0.2733, -0.2293, -0.0133, 1.0276, 84523, 0.0444, -0.3128, -0.1036, -0.0338, -0.0979, 0.1107, -0.3655, 161, 200
10.9810, 0.1298, -0.1196, 0.1580, -0.2267, -0.0129, 1.0282, 84543, 0.0444, -0.3128, -0.1036, -0.0339, -0.0980, 0.1107, -0.3659, 169, 200
10.9970, 0.1298, -0.1196, 0.1580, -0.2267, -0.0129, 1.0282, 84543, 0.0444, -0.3128, -0.1036, -0.0339, -0.0979, 0.1109, -0.3659, 169, 200
11.0130, 0.2844, 0.1602, -0.0446, -0.2258, -0.0126, 1.0278, 84583, 0.0444, -0.3128, -0.1036, -0.0338, -0.0979, 0.1106, -0.3666, 161, 200
11.0440, 0.1459, -0.2287, 0.0860, -0.2269, -0.0122, 1.0280, 84603, 0.0444, -0.3128, -0.1036, -0.0339, -0.0982, 0.1105, -0.3670, 169, 200
11.0600, 0.1459, -0.2287, 0.0860, -0.2269, -0.0122, 1.0280, 84603, 0.0444, -0.3128, -0.1036, -0.0338, -0.0979, 0.1109, -0.3670, 169, 200
11.0750, 0.0414, 0.2053, -0.1142, -0.2309, -0.0131, 1.0278, 84643, 0.0444, -0.3128, -0.1036, -0.0339, -0.0979, 0.1106, -0.3677, 167, 200
11.1060, -0.2062, -0.3424, 0.2338, -0.2318, -0.0133, 1.0270, 84683, 0.0444, -0.3128, -0.1036, -0.0339, -0.0980, 0.1107, -0.3683, 168, 200
11.1220, -0.2062, -0.3424, 0.2338, -0.2318, -0.0133, 1.0270, 84683, 0.0444, -0.3128, -0.1036, -0.0339, -0.0978, 0.1107, -0.3683, 168, 200
11.1380, 0.0443, -0.0960, 0.1403, -0.2318, -0.0134, 1.0273, 84703, 0.0444, -0.3128, -0.1036, -0.0338, -0.0980, 0.1107, -0.3687, 170, 200
11.1530, 0.0443, -0.0960, 0.1403, -0.2318, -0.0134, 1.0273, 84703, 0.0444, -0.3128, -0.1036, -0.0338, -0.0979, 0.1108, -0.3687, 170, 200
11.1850, 0.3048, 0.1075, 0.0384, -0.2281, -0.0127, 1.0261, 84743, 0.0444, -0.3127, -0.1036, -0.0339, -0.0979, 0.1106, -0.3694, 153, 200
11.2000, 0.2411, -0.2666, 0.2027, -0.2269, -0.0120, 1.0263, 84763, 0.0444, -0.3128, -0.1036, -0.0338, -0.0980, 0.1107, -0.3697, 166, 200
11.2160, 0.2411, -0.2666, 0.2027, -0.2269, -0.0120, 1.0263, 84763, 0.0444, -0.3127, -0.1036, -0.0339, -0.0979, 0.1108, -0.3697, 166, 200
11.2470, 0.2809, 0.0202, -0.0720, -0.2260, -0.0161, 1.0254, 84803, 0.0444, -0.3128, -0.1036, -0.0338, -0.0979, 0.1106, -0.3704, 162, 200
11.2630, -0.2169, -0.1943, 0.2002, -0.2265, -0.0178, 1.0252, 84843, 0.0444, -0.3128, -0.1036, -0.0339, -0.0979, 0.1108, -0.3710, 167, 200
11.2780, -0.2169, -0.1943, 0.2002, -0.2265, -0.0178, 1.0252, 84843, 0.0444, -0.3128, -0.1036, -0.0339, -0.0978, 0.1107, -0.3710, 167, 200
11.2940, 0.0777, -0.0435, -0.1333, -0.2274, -0.0175, 1.0252, 84863, 0.0444, -0.3128, -0.1036, -0.0338, -0.0980, 0.1108, -0.3713, 164, 200
11.3250, 0.0323, 0.0621, 0.2516, -0.2265, -0.0169, 1.0250, 84903, 0.0444, -0.3128, -0.1036, -0.0339, -0.0979, 0.1108, -0.3720, 158, 200
11.3410, 0.0323, 0.0621, 0.2516, -0.2265, -0.0169, 1.0250, 84903, 0.0444, -0.3128, -0.1036, -0.0339, -0.0979, 0.1107, -0.3720, 158, 200
11.3560, -0.0863, -0.1320, 0.2013, -0.2269, -0.0166, 1.0256, 84923, 0.0444, -0.3128, -0.1036, -0.0339, -0.0980, 0.1107, -0.3723, 168, 200
11.3880, 0.2164, 0.0685, 0.0559, -0.2272, -0.0176, 1.0247, 84963, 0.0444, -0.3128, -0.1036, -0.0339, -0.0979, 0.1107, -0.3729, 157, 200
11.4030, 0.2164, 0.0685, 0.0559, -0.2272, -0.0176, 1.0247, 84963, 0.0444, -0.3128, -0.1037, -0.0340, -0.0979, 0.1106, -0.3729, 157, 200
11.4190, -0.8174, -0.0333, 0.0188, -0.2292, -0.0182, 1.0254, 85003, 0.0444, -0.3127, -0.1035, -0.0339, -0.0979, 0.1107, -0.3735, 168, 200
11.4340, -0.8174, -0.0333, 0.0188, -0.2292, -0.0182, 1.0254, 85003, 0.0444, -0.3128, -0.1036, -0.0339, -0.0978, 0.1108, -0.3735, 168, 200
11.4660, 0.2096, -0.0126, -0.0777, -0.2307, -0.0194, 1.0249, 85023, 0.0444, -0.3128, -0.1036, -0.0339, -0.0980, 0.1107, -0.3738, 164, 200
11.4810, 0.2096, -0.0126, -0.0777, -0.2307, -0.0194, 1.0249, 85023, 0.0444, -0.3128, -0.1036, -0.0339, -0.0978, 0.1108, -0.3738, 164, 200
11.4970, -0.2325, -0.4010, 0.2322, -0.2342, -0.0192, 1.0247, 85063, 0.0444, -0.3128, -0.1036, -0.0340, -0.0979, 0.1107, -0.3744, 172, 200
11.5130, -0.2325, -0.4010, 0.2322, -0.2342, -0.0192, 1.0247, 85063, 0.0444, -0.3128, -0.1036, -0.0339, -0.0979, 0.1108, -0.3744, 172, 200
11.5440, -0.1755, -0.2416, 0.1986, -0.2349, -0.0188, 1.0247, 85083, 0.0444, -0.3128, -0.1036, -0.0340, -0.0978, 0.1108, -0.3747, 169, 200
11.5590, 0.0734, -0.0645, 0.0339, -0.2340, -0.0185, 1.0233, 85123, 0.0444, -0.3128, -0.1036, -0.0339, -0.0980, 0.1106, -0.3753, 160, 200
11.5750, 0.0734, -0.0645, 0.0339, -0.2340, -0.0185, 1.0233, 85123, 0.0444, -0.3127, -0.1036, -0.0339, -0.0979, 0.1108, -0.3753, 160, 200
11.6060, -0.3209, 0.3951, -0.1734, -0.2327, -0.0190, 1.0231, 85163, 0.0444, -0.3128, -0.1036, -0.0339, -0.0978, 0.1107, -0.3759, 156, 200
11.6220, 0.1747, 0.2441, -0.2150, -0.2313, -0.0190, 1.0224, 85183, 0.0444, -0.3128, -0.1036, -0.0339, -0.0981, 0.1107, -0.3762, 155, 200
11.6380, 0.1747, 0.2441, -0.2150, -0.2313, -0.0190, 1.0224, 85183, 0.0444, -0.3128, -0.1036, -0.0339, -0.0978, 0.1107, -0.3762, 155, 200
11.6530, -0.3588, -0.1080, 0.1054, -0.2318, -0.0178, 1.0231, 85223, 0.0444, -0.3128, -0.1036, -0.0339, -0.0979, 0.1106, -0.3767, 167, 200
11.6840, -0.0543, -0.0024, -0.0852, -0.2327, -0.0168, 1.0229, 85243, 0.0444, -0.3128, -0.1036, -0.0338, -0.0979, 0.1108, -0.3770, 163, 200
11.7000, -0.0543, -0.0024, -0.0852, -0.2327, -0.0168, 1.0229, 85243, 0.0444, -0.3128, -0.1036, -0.0339, -0.0979, 0.1107, -0.3770, 163, 200
11.7160, 0.0011, 0.0280, 0.1290, -0.2309, -0.0154, 1.0226, 85283, 0.0444, -0.3127, -0.1036, -0.0338, -0.0980, 0.1107, -0.3776, 158, 200
11.7470, 0.1145, 0.2973, -0.1887, -0.2306, -0.0138, 1.0226, 85323, 0.0444, -0.3128, -0.1036, -0.0339, -0.0979, 0.1107, -0.3781, 160, 200
11.7620, 0.1145, 0.2973, -0.1887, -0.2306, -0.0138, 1.0226, 85323, 0.0444, -0.3128, -0.1036, -0.0338, -0.0979, 0.1107, -0.3781, 160, 200
11.7780, -0.0812, 0.0454, -0.0489, -0.2300, -0.0136, 1.0215, 85343, 0.0444, -0.3128, -0.1036, -0.0339, -0.0979, 0.1109, -0.3784, 161, 200
11.7940, -0.0812, 0.0454, -0.0489, -0.2300, -0.0136, 1.0215, 85343, 0.0444, -0.3128, -0.1036, -0.0339, -0.0979, 0.1107, -0.3784, 161, 200
11.8250, -0.3255, 0.0874, -0.0841, -0.2313, -0.0138, 1.0221, 85383, 0.0444, -0.3128, -0.1036, -0.0339, -0.0979, 0.1107, -0.3789, 161, 200
11.8410, 0.0191, 0.2535, -0.2459, -0.2316, -0.0141, 1.0215, 85403, 0.0444, -0.3128, -0.1036, -0.0339, -0.0979, 0.1108, -0.3791, 156, 200
11.8560, 0.0191, 0.2535, -0.2459, -0.2316, -0.0141, 1.0215, 85403, 0.0444, -0.3128, -0.1036, -0.0339, -0.0979, 0.1108, -0.3791, 156, 200
11.8870, -0.3217, -0.0484, 0.1304, -0.2332, -0.0133, 1.0215, 85443, 0.0444, -0.3128, -0.1037, -0.0338, -0.0979, 0.1109, -0.3797, 167, 200
11.9030, 0.1916, 0.1355, -0.1954, -0.2342, -0.0127, 1.0212, 85483, 0.0444, -0.3128, -0.1036, -0.0339, -0.0978, 0.1108, -0.3802, 160, 200
11.9190, 0.1916, 0.1355, -0.1954, -0.2342, -0.0127, 1.0212, 85483, 0.0444, -0.3128, -0.1036, -0.0339, -0.0980, 0.1107, -0.3802, 160, 200
11.9340, -0.0019, 0.0637, -0.1787, -0.2347, -0.0126, 1.0208, 85503, 0.0444, -0.3128, -0.1036, -0.0339, -0.0980, 0.1107, -0.3804, 162, 200
11.9660, -0.0820, 0.0551, -0.0986, -0.2367, -0.0129, 1.0210, 85543, 0.0444, -0.3128, -0.1036, -0.0339, -0.0979, 0.1108, -0.3809, 163, 200
11.9810, -0.0820, 0.0551, -0.0986, -0.2367, -0.0129, 1.0210, 85543, 0.0444, -0.3128, -0.1036, -0.0339, -0.0979, 0.1107, -0.3809, 163, 200
11.9970, -0.1642, 0.1390, -0.1876, -0.2367, -0.0131, 1.0200, 85563, 0.0444, -0.3127, -0.1036, -0.0338, -0.0980, 0.1109, -0.3811, 158, 200
12.0120, -0.1642, 0.1390, -0.1876, -0.2367, -0.0131, 1.0200, 85563, 0.0444, -0.3128, -0.1036, -0.0339, -0.0978, 0.1106, -0.3811, 158, 200
12.0440, -0.1709, -0.4749, 0.0355, -0.2414, -0.0127, 1.0203, 85603, 0.0444, -0.3128, -0.1036, -0.0339, -0.0980, 0.1107, -0.3816, 174, 200
12.0590, 0.4206, 0.0051, -0.0573, -0.2471, -0.0131, 1.0196, 85643, 0.0444, -0.3127, -0.1036, -0.0338, -0.0978, 0.1108, -0.3821, 166, 200
12.0750, 0.4206, 0.0051, -0.0573, -0.2471, -0.0131, 1.0196, 85643, 0.0444, -0.3128, -0.1037, -0.0339, -0.0980, 0.1107, -0.3821, 166, 200
12.1060, -0.2298, -0.3373, 0.1228, -0.2513, -0.0127, 1.0196, 85663, 0.0444, -0.3127, -0.1036, -0.0339, -0.0979, 0.1108, -0.3823, 172, 200
12.1220, 0.1422, 0.0277, -0.2231, -0.2590, -0.0138, 1.0194, 85703, 0.0443, -0.3128, -0.1037, -0.0339, -0.0978, 0.1109, -0.3827, 171, 200
12.1370, 0.1422, 0.0277, -0.2231, -0.2590, -0.0138, 1.0194, 85703, 0.0444, -0.3128, -0.1036, -0.0338, -0.0981, 0.1106, -0.3827, 171, 200
12.1530, -0.0906, 0.1271, -0.2148, -0.2613, -0.0143, 1.0191, 85723, 0.0444, -0.3127, -0.1036, -0.0339, -0.0978, 0.1109, -0.3829, 167, 200
12.1840, 0.1718, -0.5919, 0.3268, -0.2651, -0.0141, 1.0201, 85743, 0.0444, -0.3128, -0.1036, -0.0339, -0.0979, 0.1106, -0.3832, 182, 200
12.2000, 0.1718, -0.5919, 0.3268, -0.2651, -0.0141, 1.0201, 85743, 0.0444, -0.3127, -0.1036, -0.0339, -0.0979, 0.1109, -0.3832, 182, 200
12.2160, -0.4185, 0.1304, -0.2699, -0.2702, -0.0154, 1.0200, 85783, 0.0444, -0.3128, -0.1036, -0.0338, -0.0980, 0.1106, -0.3836, 170, 200
12.2470, 0.3354, -0.1118, 0.0395, -0.2733, -0.0155, 1.0200, 85803, 0.0444, -0.3128, -0.1036, -0.0339, -0.0979, 0.1107, -0.3838, 176, 200
12.2620, 0.3354, -0.1118, 0.0395, -0.2733, -0.0155, 1.0200, 85803, 0.0444, -0.3127, -0.1036, -0.0338, -0.0979, 0.1109, -0.3838, 176, 200
12.2780, -0.0495, -0.4171, 0.0597, -0.2829, -0.0152, 1.0210, 85843, 0.0444, -0.3128, -0.1036, -0.0339, -0.0980, 0.1108, -0.3842, 184, 200
12.2940, -0.0495, -0.4171, 0.0597, -0.2829, -0.0152, 1.0210, 85843, 0.0444, -0.3127, -0.1036, -0.0339, -0.0979, 0.1108, -0.3842, 184, 200
12.3250, 0.1325, 0.0062, -0.1623, -0.2878, -0.0143, 1.0207, 85863, 0.0444, -0.3128, -0.1036, -0.0339, -0.0978, 0.1106, -0.3844, 178, 200
12.3410, -0.0575, -0.5609, 0.2567, -0.2978, -0.0134, 1.0201, 85903, 0.0444, -0.3128, -0.1036, -0.0339, -0.0979, 0.1107, -0.3848, 186, 200
12.3560, -0.0575, -0.5609, 0.2567, -0.2978, -0.0134, 1.0201, 85903, 0.0444, -0.3128, -0.1036, -0.0339, -0.0978, 0.1107, -0.3848, 186, 200
12.3870, -0.1398, 0.0581, -0.3344, -0.3096, -0.0143, 1.0201, 85943, 0.0444, -0.3128, -0.1036, -0.0339, -0.0980, 0.1107, -0.3852, 185, 200
12.4030, 0.4196, -0.1605, 0.1220, -0.3154, -0.0145, 1.0198, 85963, 0.0444, -0.3127, -0.1036, -0.0339, -0.0978, 0.1108, -0.3854, 187, 200
12.4190, 0.4196, -0.1605, 0.1220, -0.3154, -0.0145, 1.0198, 85963, 0.0444, -0.3128, -0.1036, -0.0339, -0.0980, 0.1107, -0.3854, 187, 200
12.4340, -0.4085, -0.2811, -0.0433, -0.3293, -0.0155, 1.0201, 86003, 0.0444, -0.3128, -0.1036, -0.0339, -0.0979, 0.1107, -0.3858, 195, 200
12.4650, 0.3040, -0.1841, -0.1766, -0.3368, -0.0152, 1.0194, 86023, 0.0443, -0.3128, -0.1036, -0.0339, -0.0980, 0.1108, -0.3860, 196, 200
12.4810, 0.3040, -0.1841, -0.1766, -0.3368, -0.0152, 1.0194, 86023, 0.0444, -0.3128, -0.1036, -0.0338, -0.0979, 0.1107, -0.3860, 196, 200
12.4970, -0.0637, -0.7749, 0.2481, -0.3522, -0.0145, 1.0196, 86063, 0.0444, -0.3128, -0.1036, -0.0340, -0.0979, 0.1107, -0.3863, 200, 200
12.5280, -0.0984, -0.1454, -0.3298, -0.3691, -0.0145, 1.0193, 86103, 0.0444, -0.3128, -0.1036, -0.0338, -0.0980, 0.1107, -0.3867, 200, 200
12.5440, -0.0984, -0.1454, -0.3298, -0.3691, -0.0145, 1.0193, 86103, 0.0444, -0.3128, -0.1036, -0.0339, -0.0979, 0.1108, -0.3867, 200, 200
12.5590, 0.3263, -0.6545, 0.1037, -0.3780, -0.0138, 1.0189, 86123, 0.0444, -0.3128, -0.1036, -0.0339, -0.0980, 0.1106, -0.3868, 200, 200
12.5750, 0.3263, -0.6545, 0.1037, -0.3780, -0.0138, 1.0189, 86123, 0.0444, -0.3128, -0.1036, -0.0339, -0.0979, 0.1108, -0.3868, 200, 200
12.6060, -0.5988, -0.3467, -0.0890, -0.3979, -0.0155, 1.0198, 86163, 0.0444, -0.3128, -0.1036, -0.0339, -0.0978, 0.1107, -0.3872, 200, 196
12.6220, 0.3231, -0.3637, -0.1247, -0.4086, -0.0157, 1.0194, 86183, 0.0444, -0.3128, -0.1036, -0.0339, -0.0980, 0.1108, -0.3873, 200, 196
12.6370, 0.3231, -0.3637, -0.1247, -0.4086, -0.0157, 1.0194, 86183, 0.0444, -0.3128, -0.1036, -0.0338, -0.0979, 0.1107, -0.3873, 200, 196
12.6530, -0.5679, -0.5306, 0.0546, -0.4335, -0.0162, 1.0198, 86223, 0.0444, -0.3128, -0.1036, -0.0339, -0.0979, 0.1108, -0.3877, 200, 187
12.6840, 0.2922, -1.0060, 0.0263, -0.4637, -0.0161, 1.0205, 86263, 0.0444, -0.3127, -0.1036, -0.0339, -0.0979, 0.1107, -0.3880, 200, 174
12.7000, 0.2922, -1.0060, 0.0263, -0.4637, -0.0161, 1.0205, 86263, 0.0444, -0.3128, -0.1036, -0.0339, -0.0979, 0.1107, -0.3880, 200, 174
12.7150, -0.0828, -1.0337, 0.0043, -0.4829, -0.0166, 1.0205, 86283, 0.0444, -0.3128, -0.1036, -0.0340, -0.0980, 0.1108, -0.3881, 200, 170
12.7470, -0.3852, -0.7690, -0.1459, -0.5248, -0.0148, 0.9924, 86323, 0.0444, -0.3128, -0.1036, -0.0338, -0.0978, 0.1108, -0.3884, 200, 167
12.7620, -0.3852, -0.7690, -0.1459, -0.5248, -0.0148, 0.9924, 86323, 0.0444, -0.3128, -0.1037, -0.0339, -0.0980, 0.1107, -0.3884, 200, 167
12.7780, 0.1344, -0.8459, 0.1567, -0.5461, -0.0159, 0.9971, 86343, 0.0444, -0.3127, -0.1036, -0.0339, -0.0979, 0.1108, -0.3886, 200, 161
12.7940, 0.1344, -0.8459, 0.1567, -0.5461, -0.0159, 0.9971, 86343, 0.0444, -0.3128, -0.1036, -0.0338, -0.0979, 0.1107, -0.3886, 200, 161
12.8250, 0.0925, -0.4005, -0.0392, -0.5733, -0.0147, 0.9681, 86383, 0.0444, -0.3128, -0.1036, -0.0340, -0.0979, 0.1109, -0.3888, 200, 166
12.8400, 0.2164, -0.2349, 0.0680, -0.5765, -0.0148, 0.9463, 86403, 0.0444, -0.3127, -0.1036, -0.0339, -0.0979, 0.1108, -0.3890, 200, 170
12.8560, 0.2164, -0.2349, 0.0680, -0.5765, -0.0148, 0.9463, 86403, 0.0444, -0.3128, -0.1036, -0.0339, -0.0979, 0.1106, -0.3890, 200, 170
12.8870, 0.1785, 0.0452, 0.0543, -0.5747, -0.0152, 0.9100, 86423, 0.0444, -0.3127, -0.1036, -0.0339, -0.0979, 0.1108, -0.3891, 200, 174
12.9030, -0.2830, 0.8034, -0.1013, -0.5585, -0.0155, 0.7781, 86463, 0.0444, -0.3128, -0.1036, -0.0339, -0.0979, 0.1107, -0.3894, 200, 188
12.9180, -0.2830, 0.8034, -0.1013, -0.5585, -0.0155, 0.7781, 86463, 0.0444, -0.3128, -0.1036, -0.0339, -0.0978, 0.1108, -0.3894, 200, 188
12.9340, 0.0067, 0.6443, -0.0288, -0.5465, -0.0154, 0.7240, 86483, 0.0444, -0.3127, -0.1036, -0.0339, -0.0979, 0.1108, -0.3895, 200, 191
12.9650, -0.0414, 0.9816, -0.0215, -0.5000, -0.0159, 0.6950, 86543, 0.0444, -0.3128, -0.1037, -0.0339, -0.0980, 0.1107, -0.3899, 200, 200
12.9810, -0.0414, 0.9816, -0.0215, -0.5000, -0.0159, 0.6950, 86543, 0.0444, -0.3128, -0.1036, -0.0339, -0.0979, 0.1108, -0.3899, 200, 200
12.9970, -0.0169, 0.8872, 0.0207, -0.4840, -0.0155, 0.6686, 86563, 0.0444, -0.3128, -0.1036, -0.0339, -0.0979, 0.1106, -0.3900, 200, 200
13.0280, -0.0167, 1.0023, -0.0237, -0.4475, -0.0159, 0.6327, 86603, 0.0444, -0.3128, -0.1036, -0.0338, -0.0980, 0.1108, -0.3902, 200, 200
13.0430, -0.0167, 1.0023, -0.0237, -0.4475, -0.0159, 0.6327, 86603, 0.0444, -0.3128, -0.1036, -0.0339, -0.0980, 0.1107, -0.3902, 200, 200
13.0590, -0.0105, 0.8316, 0.0164, -0.4307, -0.0154, 0.6086, 86623, 0.0444, -0.3128, -0.1036, -0.0339, -0.0980, 0.1108, -0.3903, 200, 200
13.0750, -0.0105, 0.8316, 0.0164, -0.4307, -0.0154, 0.6086, 86623, 0.0444, -0.3128, -0.1036, -0.0339, -0.0980, 0.1108, -0.3903, 200, 200
13.1060, 0.0500, 0.8354, -0.0202, -0.4138, -0.0148, 0.6058, 86643, 0.0444, -0.3128, -0.1036, -0.0338, -0.0979, 0.1108, -0.3904, 199, 200
13.1220, 0.0094, 0.7504, 0.0048, -0.3821, -0.0145, 0.5794, 86683, 0.0444, -0.3128, -0.1037, -0.0339, -0.0978, 0.1108, -0.3906, 191, 200
13.1370, 0.0094, 0.7504, 0.0048, -0.3821, -0.0145, 0.5794, 86683, 0.0444, -0.3127, -0.1036, -0.0338, -0.0980, 0.1107, -0.3906, 191, 200
13.1680, 0.0126, 0.7359, 0.0218, -0.3520, -0.0145, 0.6002, 86723, 0.0444, -0.3128, -0.1036, -0.0338, -0.0980, 0.1107, -0.3908, 183, 200
13.1840, -0.0011, 0.7115, 0.0032, -0.3379, -0.0147, 0.6014, 86743, 0.0444, -0.3128, -0.1036, -0.0340, -0.0979, 0.1107, -0.3909, 178, 200
13.2000, -0.0011, 0.7115, 0.0032, -0.3379, -0.0147, 0.6014, 86743, 0.0444, -0.3128, -0.1036, -0.0339, -0.0980, 0.1108, -0.3909, 178, 200
13.2150, 0.0075, 0.7109, 0.0207, -0.3107, -0.0145, 0.6034, 86783, 0.0444, -0.3128, -0.1036, -0.0339, -0.0979, 0.1108, -0.3911, 170, 200
13.2470, 0.0366, 0.5771, 0.0228, -0.2983, -0.0141, 0.6044, 86803, 0.0444, -0.3128, -0.1036, -0.0340, -0.0980, 0.1108, -0.3912, 169, 200
13.2620, 0.0366, 0.5771, 0.0228, -0.2983, -0.0141, 0.6044, 86803, 0.0444, -0.3128, -0.1036, -0.0339, -0.0979, 0.1108, -0.3912, 169, 200
13.2780, -0.0065, 0.5359, -0.0159, -0.2756, -0.0138, 0.6063, 86843, 0.0444, -0.3128, -0.1036, -0.0339, -0.0980, 0.1107, -0.3914, 162, 200
13.2930, -0.0065, 0.5359, -0.0159, -0.2756, -0.0138, 0.6063, 86843, 0.0444, -0.3128, -0.1036, -0.0338, -0.0979, 0.1107, -0.3914, 162, 200
13.3250, -0.0016, 0.4252, 0.0048, -0.2567, -0.0136, 0.6084, 86883, 0.0444, -0.3128, -0.1036, -0.0339, -0.0979, 0.1107, -0.3915, 159, 200
13.3400, -0.0016, 0.3854, -0.0137, -0.2489, -0.0133, 0.6095, 86903, 0.0444, -0.3128, -0.1036, -0.0339, -0.0981, 0.1107, -0.3916, 157, 200
13.3560, -0.0016, 0.3854, -0.0137, -0.2489, -0.0133, 0.6095, 86903, 0.0444, -0.3127, -0.1036, -0.0339, -0.0979, 0.1106, -0.3916, 157, 200
13.3870, 0.0164, 0.3086, 0.0105, -0.2360, -0.0129, 0.6114, 86943, 0.0444, -0.3128, -0.1036, -0.0338, -0.0980, 0.1108, -0.3917, 155, 200
13.4030, -0.0067, 0.2352, 0.0137, -0.2309, -0.0127, 0.6121, 86963, 0.0444, -0.3128, -0.1036, -0.0339, -0.0978, 0.1109, -0.3918, 154, 200
13.4180, -0.0067, 0.2352, 0.0137, -0.2309, -0.0127, 0.6121, 86963, 0.0444, -0.3128, -0.1036, -0.0339, -0.0979, 0.1106, -0.3918, 154, 200
13.4340, 0.0110, 0.1134, 0.0099, -0.2238, -0.0124, 0.6135, 87003, 0.0444, -0.3128, -0.1036, -0.0339, -0.0979, 0.1108, -0.3919, 154, 200
13.4650, 0.0094, 0.0476, 0.0140, -0.2203, -0.0120, 0.6149, 87043, 0.0444, -0.3128, -0.1036, -0.0340, -0.0978, 0.1109, -0.3921, 154, 200
13.4810, 0.0094, 0.0476, 0.0140, -0.2203, -0.0120, 0.6149, 87043, 0.0444, -0.3128, -0.1036, -0.0338, -0.0980, 0.1106, -0.3921, 154, 200
13.4960, -0.0054, 0.0019, -0.0035, -0.2199, -0.0119, 0.6158, 87063, 0.0444, -0.3128, -0.1036, -0.0339, -0.0979, 0.1108, -0.3921, 155, 200
13.5280, 0.0164, -0.0788, 0.0226, -0.2211, -0.0115, 0.6171, 87103, 0.0444, -0.3128, -0.1036, -0.0339, -0.0979, 0.1107, -0.3922, 157, 200
13.5430, 0.0164, -0.0788, 0.0226, -0.2211, -0.0115, 0.6171, 87103, 0.0444, -0.3128, -0.1036, -0.0338, -0.0980, 0.1106, -0.3922, 157, 200
13.5590, 0.0218, -0.0973, 0.0019, -0.2227, -0.0112, 0.6178, 87123, 0.0444, -0.3128, -0.1036, -0.0340, -0.0978, 0.1108, -0.3923, 158, 200
