time,pitch_desired,ang_pitch,angvel_pitch,u2
0,0,0,0,0
0.02,0.000986959,0,0,0.002467399
0.04,0.001973913,0.00012337,0.012336993,0.002467383
0.06,0.002960853,0.000493479,0.024673907,0.001850502
0.08,0.003947775,0.001079482,0.033926418,0.00123361
0.1,0.004934672,0.001819691,0.040094466,0.000770922
0.12,0.005921538,0.002660126,0.043949075,0.000462441
0.14,0.006908367,0.00356223,0.046261282,0.000269617
0.16,0.007895152,0.004500936,0.047609369,0.000153898
0.18,0.008881887,0.005460819,0.048378859,8.6369E-05
0.2,0.009868565,0.006432714,0.048810704,4.77542E-05
0.22,0.010855182,0.007411316,0.049049475,2.60061E-05
0.24,0.01184173,0.008393606,0.049179506,1.38962E-05
0.26,0.012828203,0.009377891,0.049248987,7.20763E-06
0.28,0.013814595,0.010363231,0.049285025,3.53102E-06
0.3,0.0148009,0.011349108,0.04930268,1.51096E-06
0.32,0.015787112,0.012335237,0.049310235,3.94477E-07
0.34,0.016773223,0.013321462,0.049312207,-2.32562E-07
0.36,0.017759229,0.014307694,0.049311045,-5.96054E-07
0.38,0.018745122,0.015293885,0.049308064,-8.18355E-07
0.4,0.019730898,0.016280006,0.049303972,-9.65353E-07
0.42,0.020716548,0.017266037,0.049299146,-1.07234E-06
0.44,0.021702068,0.018251966,0.049293784,-1.15815E-06
0.46,0.02268745,0.019237784,0.049287993,-1.23277E-06
0.48,0.02367269,0.020223482,0.049281829,-1.30149E-06
0.5,0.024657779,0.021209054,0.049275322,-1.36713E-06
0.52,0.025642713,0.022194492,0.049268486,-1.43113E-06
0.54,0.026627485,0.02317979,0.049261331,-1.49428E-06
0.56,0.027612089,0.024164942,0.049253859,-1.55699E-06
0.58,0.028596519,0.025149941,0.049246074,-1.61945E-06
0.6,0.029580767,0.026134782,0.049237977,-1.68178E-06
0.62,0.030564829,0.027119457,0.049229568,-1.74404E-06
0.64,0.031548698,0.028103961,0.049220848,-1.80625E-06
0.66,0.032532368,0.029088288,0.049211817,-1.86844E-06
0.68,0.033515832,0.030072431,0.049202475,-1.93061E-06
0.7,0.034499084,0.031056384,0.049192822,-1.99276E-06
0.72,0.035482119,0.032040141,0.049182858,-2.05489E-06
0.74,0.036464929,0.033023695,0.049172583,-2.11701E-06
0.76,0.037447509,0.034007041,0.049161998,-2.17912E-06
0.78,0.038429853,0.034990172,0.049151103,-2.24122E-06
0.8,0.039411953,0.035973082,0.049139896,-2.30329E-06
0.82,0.040393805,0.036955765,0.04912838,-2.36536E-06
0.84,0.041375402,0.037938214,0.049116553,-2.42741E-06
0.86,0.042356737,0.038920424,0.049104416,-2.48944E-06
0.88,0.043337805,0.039902387,0.049091969,-2.55146E-06
0.9,0.044318599,0.040884099,0.049079212,-2.61346E-06
0.92,0.045299113,0.041865553,0.049066144,-2.67545E-06
0.94,0.046279341,0.042846742,0.049052767,-2.73742E-06
0.96,0.047259276,0.04382766,0.04903908,-2.79937E-06
0.98,0.048238913,0.044808302,0.049025083,-2.8613E-06
1,0.049218246,0.045788661,0.049010777,-2.92322E-06
1.02,0.050197267,0.04676873,0.048996161,-2.98512E-06
1.04,0.051175972,0.047748504,0.048981235,-3.04699E-06
1.06,0.052154353,0.048727976,0.048966,-3.10885E-06
1.08,0.053132405,0.049707141,0.048950456,-3.17069E-06
1.1,0.054110121,0.050685991,0.048934602,-3.23251E-06
1.12,0.055087495,0.051664522,0.04891844,-3.29431E-06
1.14,0.056064521,0.052642726,0.048901968,-3.35609E-06
1.16,0.057041194,0.053620598,0.048885188,-3.41785E-06
1.18,0.058017505,0.05459813,0.048868098,-3.47958E-06
1.2,0.058993451,0.055575318,0.048850701,-3.5413E-06
1.22,0.059969024,0.056552155,0.048832994,-3.60299E-06
1.24,0.060944218,0.057528635,0.048814979,-3.66466E-06
1.26,0.061919027,0.058504751,0.048796656,-3.7263E-06
1.28,0.062893445,0.059480498,0.048778024,-3.78792E-06
1.3,0.063867465,0.060455869,0.048759085,-3.84952E-06
1.32,0.064841083,0.061430859,0.048739837,-3.91109E-06
1.34,0.06581429,0.06240546,0.048720282,-3.97264E-06
1.36,0.066787082,0.063379667,0.048700418,-4.03417E-06
1.38,0.067759452,0.064353473,0.048680248,-4.09566E-06
1.4,0.068731395,0.065326874,0.048659769,-4.15714E-06
1.42,0.069702902,0.066299861,0.048638984,-4.21858E-06
1.44,0.07067397,0.06727243,0.048617891,-4.28E-06
1.46,0.071644591,0.068244574,0.048596491,-4.34139E-06
1.48,0.07261476,0.069216286,0.048574784,-4.40276E-06
1.5,0.07358447,0.070187562,0.04855277,-4.4641E-06
1.52,0.074553715,0.071158394,0.048530449,-4.52541E-06
1.54,0.07552249,0.072128777,0.048507822,-4.58669E-06
1.56,0.076490787,0.073098704,0.048484889,-4.64794E-06
1.58,0.077458601,0.074068169,0.048461649,-4.70916E-06
1.6,0.078425926,0.075037167,0.048438104,-4.77035E-06
1.62,0.079392755,0.07600569,0.048414252,-4.83151E-06
1.64,0.080359083,0.076973734,0.048390094,-4.89265E-06
1.66,0.081324904,0.077941291,0.048365631,-4.95375E-06
1.68,0.08229021,0.078908356,0.048340862,-5.01482E-06
1.7,0.083254997,0.079874923,0.048315788,-5.07585E-06
1.72,0.084219258,0.080840985,0.048290409,-5.13686E-06
1.74,0.085182987,0.081806536,0.048264725,-5.19783E-06
1.76,0.086146178,0.08277157,0.048238735,-5.25877E-06
1.78,0.087108825,0.083736082,0.048212442,-5.31968E-06
1.8,0.088070922,0.084700065,0.048185843,-5.38055E-06
1.82,0.089032462,0.085663513,0.04815894,-5.44139E-06
1.84,0.08999344,0.08662642,0.048131733,-5.5022E-06
1.86,0.09095385,0.087588779,0.048104222,-5.56297E-06
1.88,0.091913685,0.088550586,0.048076408,-5.6237E-06
1.9,0.092872939,0.089511832,0.048048289,-5.6844E-06
1.92,0.093831607,0.090472514,0.048019867,-5.74507E-06
1.94,0.094789682,0.091432624,0.047991142,-5.8057E-06
1.96,0.095747158,0.092392157,0.047962113,-5.86629E-06
1.98,0.09670403,0.093351106,0.047932782,-5.92684E-06
2,0.09766029,0.094309465,0.047903148,-5.98736E-06
2.02,0.098615934,0.095267229,0.047873211,-6.04784E-06
2.04,0.099570955,0.09622439,0.047842972,-6.10828E-06
2.06,0.100525347,0.097180944,0.04781243,-6.16868E-06
2.08,0.101479104,0.098136885,0.047781587,-6.22904E-06
2.1,0.10243222,0.099092205,0.047750442,-6.28936E-06
2.12,0.103384689,0.100046899,0.047718995,-6.34965E-06
2.14,0.104336505,0.101000962,0.047687247,-6.40989E-06
2.16,0.105287662,0.101954386,0.047655197,-6.47009E-06
2.18,0.106238154,0.102907166,0.047622847,-6.53026E-06
2.2,0.107187974,0.103859297,0.047590195,-6.59038E-06
2.22,0.108137118,0.104810771,0.047557244,-6.65046E-06
2.24,0.109085579,0.105761584,0.047523991,-6.7105E-06
2.26,0.11003335,0.106711728,0.047490439,-6.77049E-06
2.28,0.110980427,0.107661198,0.047456586,-6.83044E-06
2.3,0.111926803,0.108609988,0.047422434,-6.89035E-06
2.32,0.112872471,0.109558093,0.047387982,-6.95022E-06
2.34,0.113817427,0.110505505,0.047353231,-7.01004E-06
2.36,0.114761664,0.111452219,0.047318181,-7.06982E-06
2.38,0.115705175,0.112398229,0.047282832,-7.12955E-06
2.4,0.116647956,0.113343529,0.047247184,-7.18924E-06
2.42,0.11759,0.114288113,0.047211238,-7.24888E-06
2.44,0.118531302,0.115231976,0.047174994,-7.30848E-06
2.46,0.119471854,0.11617511,0.047138451,-7.36803E-06
2.48,0.120411652,0.117117511,0.047101611,-7.42753E-06
2.5,0.12135069,0.118059172,0.047064474,-7.48699E-06
2.52,0.122288961,0.119000087,0.047027039,-7.5464E-06
2.54,0.123226459,0.11994025,0.046989307,-7.60576E-06
2.56,0.124163179,0.120879656,0.046951278,-7.66507E-06
2.58,0.125099115,0.121818298,0.046912952,-7.72434E-06
2.6,0.126034261,0.122756171,0.046874331,-7.78356E-06
2.62,0.12696861,0.123693269,0.046835413,-7.84272E-06
2.64,0.127902158,0.124629585,0.046796199,-7.90184E-06
2.66,0.128834898,0.125565114,0.04675669,-7.96091E-06
2.68,0.129766823,0.126499849,0.046716886,-8.01993E-06
2.7,0.13069793,0.127433786,0.046676786,-8.07889E-06
2.72,0.13162821,0.128366918,0.046636391,-8.13781E-06
2.74,0.132557659,0.129299239,0.046595702,-8.19668E-06
2.76,0.133486271,0.130230743,0.046554719,-8.25549E-06
2.78,0.13441404,0.131161425,0.046513442,-8.31425E-06
2.8,0.135340959,0.132091278,0.04647187,-8.37296E-06
2.82,0.136267024,0.133020296,0.046430006,-8.43161E-06
2.84,0.137192228,0.133948475,0.046387848,-8.49021E-06
2.86,0.138116566,0.134875807,0.046345396,-8.54876E-06
2.88,0.139040031,0.135802288,0.046302653,-8.60726E-06
2.9,0.139962617,0.136727911,0.046259616,-8.6657E-06
2.92,0.14088432,0.13765267,0.046216288,-8.72408E-06
2.94,0.141805133,0.138576559,0.046172667,-8.78241E-06
2.96,0.14272505,0.139499573,0.046128755,-8.84069E-06
2.98,0.143644066,0.140421707,0.046084552,-8.89891E-06
3,0.144562174,0.141342953,0.046040057,-8.95707E-06
3.02,0.145479369,0.142263306,0.045995272,-9.01518E-06
3.04,0.146395645,0.143182761,0.045950196,-9.07323E-06
3.06,0.147310996,0.144101311,0.04590483,-9.13122E-06
3.08,0.148225417,0.145018951,0.045859174,-9.18915E-06
3.1,0.149138902,0.145935675,0.045813228,-9.24703E-06
3.12,0.150051445,0.146851477,0.045766993,-9.30485E-06
3.14,0.15096304,0.147766352,0.045720469,-9.36261E-06
3.16,0.151873681,0.148680293,0.045673656,-9.42031E-06
3.18,0.152783363,0.149593295,0.045626554,-9.47795E-06
3.2,0.15369208,0.150505352,0.045579165,-9.53553E-06
3.22,0.154599826,0.151416459,0.045531487,-9.59305E-06
3.24,0.155506595,0.152326609,0.045483522,-9.65051E-06
3.26,0.156412382,0.153235797,0.045435269,-9.70791E-06
3.28,0.157317182,0.154144017,0.04538673,-9.76524E-06
3.3,0.158220987,0.155051263,0.045337903,-9.82252E-06
3.32,0.159123793,0.15595753,0.045288791,-9.87973E-06
3.34,0.160025595,0.156862812,0.045239392,-9.93688E-06
3.36,0.160926385,0.157767103,0.045189708,-9.99397E-06
3.38,0.161826159,0.158670397,0.045139738,-1.0051E-05
3.4,0.16272491,0.15957269,0.045089483,-1.0108E-05
3.42,0.163622634,0.160473974,0.045038943,-1.01649E-05
3.44,0.164519324,0.161374244,0.044988119,-1.02217E-05
3.46,0.165414975,0.162273496,0.04493701,-1.02785E-05
3.48,0.166309581,0.163171722,0.044885618,-1.03352E-05
3.5,0.167203137,0.164068918,0.044833942,-1.03918E-05
3.52,0.168095636,0.164965077,0.044781983,-1.04484E-05
3.54,0.168987074,0.165860194,0.044729741,-1.05049E-05
3.56,0.169877444,0.166754264,0.044677217,-1.05613E-05
3.58,0.170766742,0.16764728,0.04462441,-1.06177E-05
3.6,0.17165496,0.168539237,0.044571322,-1.0674E-05
3.62,0.172542094,0.16943013,0.044517952,-1.07302E-05
3.64,0.173428139,0.170319952,0.0444643,-1.07864E-05
3.66,0.174313088,0.171208699,0.044410368,-1.08425E-05
3.68,0.175196936,0.172096364,0.044356156,-1.08986E-05
3.7,0.176079677,0.172982943,0.044301663,-1.09545E-05
3.72,0.176961306,0.173868428,0.04424689,-1.10104E-05
3.74,0.177841818,0.174752815,0.044191838,-1.10663E-05
3.76,0.178721206,0.175636099,0.044136507,-1.1122E-05
3.78,0.179599465,0.176518273,0.044080897,-1.11777E-05
3.8,0.180476589,0.177399332,0.044025008,-1.12333E-05
3.82,0.181352574,0.17827927,0.043968842,-1.12889E-05
3.84,0.182227413,0.179158083,0.043912398,-1.13443E-05
3.86,0.183101101,0.180035764,0.043855676,-1.13997E-05
3.88,0.183973633,0.180912307,0.043798677,-1.14551E-05
3.9,0.184845002,0.181787708,0.043741402,-1.15103E-05
3.92,0.185715204,0.18266196,0.04368385,-1.15655E-05
3.94,0.186584232,0.183535059,0.043626023,-1.16206E-05
3.96,0.187452083,0.184406999,0.043567919,-1.16757E-05
3.98,0.188318749,0.185277773,0.043509541,-1.17306E-05
4,0.189184225,0.186147377,0.043450888,-1.17855E-05
4.02,0.190048507,0.187015806,0.04339196,-1.18403E-05
4.04,0.190911588,0.187883053,0.043332759,-1.18951E-05
4.06,0.191773463,0.188749114,0.043273283,-1.19498E-05
4.08,0.192634127,0.189613982,0.043213534,-1.20043E-05
4.1,0.193493575,0.190477652,0.043153513,-1.20589E-05
4.12,0.194351799,0.19134012,0.043093218,-1.21133E-05
4.14,0.195208797,0.192201378,0.043032652,-1.21677E-05
4.16,0.196064561,0.193061423,0.042971813,-1.2222E-05
4.18,0.196919087,0.193920248,0.042910704,-1.22762E-05
4.2,0.197772369,0.194777848,0.042849323,-1.23303E-05
4.22,0.198624402,0.195634218,0.042787671,-1.23843E-05
4.24,0.19947518,0.196489352,0.04272575,-1.24383E-05
4.26,0.200324698,0.197343246,0.042663558,-1.24922E-05
4.28,0.20117295,0.198195892,0.042601097,-1.2546E-05
4.3,0.202019933,0.199047287,0.042538367,-1.25998E-05
4.32,0.202865638,0.199897424,0.042475368,-1.26534E-05
4.34,0.203710063,0.200746299,0.042412101,-1.2707E-05
4.36,0.204553201,0.201593905,0.042348566,-1.27605E-05
4.38,0.205395047,0.202440239,0.042284763,-1.28139E-05
4.4,0.206235595,0.203285293,0.042220693,-1.28673E-05
4.42,0.207074841,0.204129064,0.042156357,-1.29205E-05
4.44,0.207912778,0.204971545,0.042091754,-1.29737E-05
4.46,0.208749403,0.205812731,0.042026886,-1.30268E-05
4.48,0.209584708,0.206652618,0.041961752,-1.30798E-05
4.5,0.21041869,0.207491199,0.041896353,-1.31327E-05
4.52,0.211251343,0.208328469,0.041830689,-1.31856E-05
4.54,0.212082662,0.209164424,0.041764761,-1.32383E-05
4.56,0.21291264,0.209999057,0.04169857,-1.3291E-05
4.58,0.213741274,0.210832364,0.041632114,-1.33436E-05
4.6,0.214568558,0.211664339,0.041565396,-1.33961E-05
4.62,0.215394487,0.212494977,0.041498416,-1.34486E-05
4.64,0.216219055,0.213324273,0.041431173,-1.35009E-05
4.66,0.217042257,0.214152221,0.041363669,-1.35531E-05
4.68,0.217864088,0.214978817,0.041295903,-1.36053E-05
4.7,0.218684543,0.215804055,0.041227876,-1.36574E-05
4.72,0.219503617,0.216627929,0.041159589,-1.37094E-05
4.74,0.220321304,0.217450436,0.041091042,-1.37613E-05
4.76,0.2211376,0.218271569,0.041022236,-1.38131E-05
4.78,0.221952499,0.219091323,0.04095317,-1.38649E-05
4.8,0.222765995,0.219909693,0.040883846,-1.39165E-05
4.82,0.223578085,0.220726674,0.040814263,-1.39681E-05
4.84,0.224388763,0.221542261,0.040744423,-1.40195E-05
4.86,0.225198023,0.222356448,0.040674325,-1.40709E-05
4.88,0.22600586,0.223169231,0.04060397,-1.41222E-05
4.9,0.22681227,0.223980604,0.040533359,-1.41734E-05
4.92,0.227617248,0.224790563,0.040462492,-1.42246E-05
4.94,0.228420787,0.225599102,0.040391369,-1.42756E-05
4.96,0.229222884,0.226406215,0.040319991,-1.43265E-05
4.98,0.230023533,0.227211899,0.040248359,-1.43774E-05
5,0.230822729,0.228016147,0.040176472,-1.44281E-05
5.02,0.231620467,0.228818955,0.040104331,-1.44788E-05
5.04,0.232416742,0.229620318,0.040031937,-1.45294E-05
5.06,0.233211548,0.23042023,0.039959291,-1.45798E-05
5.08,0.234004882,0.231218687,0.039886392,-1.46302E-05
5.1,0.234796738,0.232015683,0.03981324,-1.46805E-05
5.12,0.23558711,0.232811214,0.039739838,-1.47307E-05
5.14,0.236375995,0.233605274,0.039666184,-1.47808E-05
5.16,0.237163386,0.234397859,0.03959228,-1.48309E-05
5.18,0.237949279,0.235188963,0.039518126,-1.48808E-05
5.2,0.23873367,0.235978581,0.039443722,-1.49306E-05
5.22,0.239516552,0.236766709,0.039369069,-1.49803E-05
5.24,0.240297921,0.237553342,0.039294167,-1.503E-05
5.26,0.241077773,0.238338473,0.039219017,-1.50795E-05
5.28,0.241856102,0.2391221,0.03914362,-1.5129E-05
5.3,0.242632903,0.239904216,0.039067975,-1.51783E-05
5.32,0.243408171,0.240684816,0.038992083,-1.52276E-05
5.34,0.244181902,0.241463897,0.038915945,-1.52768E-05
5.36,0.244954091,0.242241452,0.038839561,-1.53258E-05
5.38,0.245724732,0.243017477,0.038762932,-1.53748E-05
5.4,0.246493821,0.243791967,0.038686058,-1.54237E-05
5.42,0.247261353,0.244564917,0.03860894,-1.54724E-05
5.44,0.248027324,0.245336322,0.038531578,-1.55211E-05
5.46,0.248791727,0.246106177,0.038453972,-1.55697E-05
5.48,0.24955456,0.246874478,0.038376124,-1.56182E-05
5.5,0.250315815,0.24764122,0.038298033,-1.56666E-05
5.52,0.25107549,0.248406397,0.0382197,-1.57148E-05
5.54,0.251833579,0.249170005,0.038141126,-1.5763E-05
5.56,0.252590077,0.24993204,0.038062311,-1.58111E-05
5.58,0.25334498,0.250692495,0.037983255,-1.58591E-05
5.6,0.254098282,0.251451368,0.03790396,-1.5907E-05
5.62,0.254849979,0.252208651,0.037824425,-1.59548E-05
5.64,0.255600067,0.252964342,0.037744651,-1.60024E-05
5.66,0.25634854,0.253718435,0.037664639,-1.605E-05
5.68,0.257095394,0.254470925,0.037584389,-1.60975E-05
5.7,0.257840623,0.255221808,0.037503901,-1.61449E-05
5.72,0.258584225,0.255971079,0.037423177,-1.61922E-05
5.74,0.259326192,0.256718733,0.037342216,-1.62393E-05
5.76,0.260066522,0.257464765,0.037261019,-1.62864E-05
5.78,0.260805209,0.258209171,0.037179587,-1.63334E-05
5.8,0.261542249,0.258951946,0.03709792,-1.63802E-05
5.82,0.262277636,0.259693086,0.037016019,-1.6427E-05
5.84,0.263011367,0.260432585,0.036933884,-1.64737E-05
5.86,0.263743437,0.261170439,0.036851516,-1.65202E-05
5.88,0.264473841,0.261906643,0.036768915,-1.65667E-05
5.9,0.265202574,0.262641193,0.036686081,-1.6613E-05
5.92,0.265929632,0.263374084,0.036603016,-1.66593E-05
5.94,0.26665501,0.264105311,0.03651972,-1.67054E-05
5.96,0.267378704,0.264834871,0.036436193,-1.67514E-05
5.98,0.268100708,0.265562757,0.036352436,-1.67973E-05
6,0.26882102,0.266288966,0.036268449,-1.68432E-05
6.02,0.269539633,0.267013493,0.036184233,-1.68889E-05
6.04,0.270256544,0.267736333,0.036099789,-1.69345E-05
6.06,0.270971748,0.268457482,0.036015116,-1.698E-05
6.08,0.27168524,0.269176935,0.035930217,-1.70254E-05
6.1,0.272397016,0.269894688,0.03584509,-1.70707E-05
6.12,0.273107072,0.270610736,0.035759736,-1.71158E-05
6.14,0.273815402,0.271325075,0.035674157,-1.71609E-05
6.16,0.274522003,0.2720377,0.035588353,-1.72059E-05
6.18,0.27522687,0.272748607,0.035502323,-1.72507E-05
6.2,0.275929998,0.273457791,0.03541607,-1.72955E-05
6.22,0.276631383,0.274165248,0.035329593,-1.73401E-05
6.24,0.277331021,0.274870973,0.035242892,-1.73846E-05
6.26,0.278028908,0.275574961,0.035155969,-1.7429E-05
6.28,0.278725038,0.276277209,0.035068824,-1.74733E-05
6.3,0.279419407,0.276977712,0.034981457,-1.75175E-05
6.32,0.280112012,0.277676465,0.03489387,-1.75616E-05
6.34,0.280802847,0.278373465,0.034806062,-1.76056E-05
6.36,0.281491908,0.279068706,0.034718034,-1.76494E-05
6.38,0.282179192,0.279762184,0.034629787,-1.76932E-05
6.4,0.282864693,0.280453895,0.034541321,-1.77368E-05
6.42,0.283548407,0.281143834,0.034452637,-1.77803E-05
6.44,0.28423033,0.281831998,0.034363735,-1.78237E-05
6.46,0.284910458,0.282518382,0.034274617,-1.7867E-05
6.48,0.285588786,0.283202981,0.034185281,-1.79102E-05
6.5,0.286265311,0.283885791,0.03409573,-1.79533E-05
6.52,0.286940027,0.284566808,0.034005964,-1.79963E-05
6.54,0.28761293,0.285246027,0.033915982,-1.80391E-05
6.56,0.288284017,0.285923445,0.033825787,-1.80818E-05
6.58,0.288953283,0.286599057,0.033735378,-1.81245E-05
6.6,0.289620724,0.287272858,0.033644755,-1.8167E-05
6.62,0.290286335,0.287944845,0.03355392,-1.82094E-05
6.64,0.290950113,0.288615013,0.033462874,-1.82516E-05
6.66,0.291612053,0.289283357,0.033371615,-1.82938E-05
6.68,0.292272151,0.289949875,0.033280147,-1.83358E-05
6.7,0.292930403,0.290614561,0.033188467,-1.83778E-05
6.72,0.293586804,0.291277412,0.033096579,-1.84196E-05
6.74,0.294241351,0.291938422,0.033004481,-1.84613E-05
6.76,0.29489404,0.292597589,0.032912174,-1.85028E-05
6.78,0.295544866,0.293254907,0.03281966,-1.85443E-05
6.8,0.296193825,0.293910373,0.032726939,-1.85856E-05
6.82,0.296840913,0.294563983,0.03263401,-1.86269E-05
6.84,0.297486126,0.295215731,0.032540876,-1.8668E-05
6.86,0.29812946,0.295865616,0.032447536,-1.8709E-05
6.88,0.29877091,0.296513631,0.032353991,-1.87498E-05
6.9,0.299410474,0.297159773,0.032260242,-1.87906E-05
6.92,0.300048146,0.297804039,0.032166289,-1.88312E-05
6.94,0.300683923,0.298446423,0.032072133,-1.88718E-05
6.96,0.301317801,0.299086922,0.031977774,-1.89122E-05
6.98,0.301949776,0.299725532,0.031883213,-1.89524E-05
7,0.302579843,0.300362248,0.031788451,-1.89926E-05
7.02,0.303207999,0.300997068,0.031693488,-1.90326E-05
7.04,0.30383424,0.301629986,0.031598325,-1.90725E-05
7.06,0.304458561,0.302260999,0.031502962,-1.91123E-05
7.08,0.30508096,0.302890102,0.031407401,-1.9152E-05
7.1,0.305701431,0.303517293,0.03131164,-1.91916E-05
7.12,0.306319971,0.304142566,0.031215682,-1.9231E-05
7.14,0.306936577,0.304765918,0.031119527,-1.92703E-05
7.16,0.307551244,0.305387345,0.031023176,-1.93095E-05
7.18,0.308163968,0.306006843,0.030926628,-1.93486E-05
7.2,0.308774745,0.306624408,0.030829885,-1.93875E-05
7.22,0.309383572,0.307240037,0.030732948,-1.94264E-05
7.24,0.309990445,0.307853724,0.030635816,-1.94651E-05
7.26,0.31059536,0.308465467,0.03053849,-1.95036E-05
7.28,0.311198313,0.309075262,0.030440972,-1.95421E-05
7.3,0.3117993,0.309683104,0.030343262,-1.95804E-05
7.32,0.312398318,0.31028899,0.030245359,-1.96186E-05
7.34,0.312995363,0.310892917,0.030147266,-1.96567E-05
7.36,0.31359043,0.311494879,0.030048983,-1.96947E-05
7.38,0.314183517,0.312094874,0.029950509,-1.97325E-05
7.4,0.314774619,0.312692898,0.029851847,-1.97702E-05
7.42,0.315363733,0.313288946,0.029752995,-1.98078E-05
7.44,0.315950854,0.313883016,0.029653956,-1.98453E-05
7.46,0.316535981,0.314475103,0.02955473,-1.98826E-05
7.48,0.317119107,0.315065203,0.029455317,-1.99198E-05
7.5,0.317700231,0.315653313,0.029355717,-1.99569E-05
7.52,0.318279348,0.31623943,0.029255933,-1.99939E-05
7.54,0.318856454,0.316823549,0.029155963,-2.00307E-05
7.56,0.319431546,0.317405667,0.02905581,-2.00674E-05
7.58,0.320004621,0.317985779,0.028955473,-2.0104E-05
7.6,0.320575674,0.318563884,0.028854953,-2.01405E-05
7.62,0.321144702,0.319139976,0.028754251,-2.01768E-05
7.64,0.321711702,0.319714052,0.028653367,-2.0213E-05
7.66,0.32227667,0.320286108,0.028552302,-2.0249E-05
7.68,0.322839602,0.320856142,0.028451057,-2.0285E-05
7.7,0.323400495,0.321424149,0.028349632,-2.03208E-05
7.72,0.323959345,0.321990126,0.028248028,-2.03565E-05
7.74,0.324516149,0.322554068,0.028146245,-2.0392E-05
7.76,0.325070903,0.323115974,0.028044285,-2.04275E-05
7.78,0.325623603,0.323675838,0.027942147,-2.04628E-05
7.8,0.326174247,0.324233658,0.027839834,-2.04979E-05
7.82,0.32672283,0.324789429,0.027737344,-2.0533E-05
7.84,0.32726935,0.32534315,0.027634679,-2.05679E-05
7.86,0.327813803,0.325894815,0.027531839,-2.06027E-05
7.88,0.328356184,0.326444422,0.027428826,-2.06373E-05
7.9,0.328896492,0.326991966,0.027325639,-2.06719E-05
7.92,0.329434723,0.327537445,0.02722228,-2.07062E-05
7.94,0.329970872,0.328080856,0.027118749,-2.07405E-05
7.96,0.330504937,0.328622194,0.027015046,-2.07746E-05
7.98,0.331036915,0.329161456,0.026911173,-2.08086E-05
8,0.331566801,0.329698639,0.02680713,-2.08425E-05
8.02,0.332094593,0.330233739,0.026702918,-2.08762E-05
8.04,0.332620288,0.330766754,0.026598537,-2.09098E-05
8.06,0.333143881,0.331297679,0.026493988,-2.09433E-05
8.08,0.33366537,0.331826512,0.026389271,-2.09766E-05
8.1,0.334184752,0.332353248,0.026284388,-2.10098E-05
8.12,0.334702022,0.332877886,0.026179339,-2.10429E-05
8.14,0.335217179,0.33340042,0.026074124,-2.10759E-05
8.16,0.335730218,0.333920849,0.025968745,-2.11087E-05
8.18,0.336241136,0.334439168,0.025863202,-2.11413E-05
8.2,0.33674993,0.334955375,0.025757495,-2.11739E-05
8.22,0.337256598,0.335469467,0.025651626,-2.12063E-05
8.24,0.337761135,0.335981439,0.025545594,-2.12385E-05
8.26,0.338263539,0.336491289,0.025439401,-2.12707E-05
8.28,0.338763805,0.336999013,0.025333048,-2.13027E-05
8.3,0.339261933,0.337504609,0.025226534,-2.13346E-05
8.32,0.339757917,0.338008073,0.025119862,-2.13663E-05
8.34,0.340251755,0.338509402,0.02501303,-2.13979E-05
8.36,0.340743444,0.339008593,0.024906041,-2.14294E-05
8.38,0.34123298,0.339505642,0.024798894,-2.14607E-05
8.4,0.341720361,0.340000547,0.024691591,-2.14919E-05
8.42,0.342205584,0.340493304,0.024584131,-2.15229E-05
8.44,0.342688645,0.34098391,0.024476516,-2.15539E-05
8.46,0.343169542,0.341472363,0.024368747,-2.15846E-05
8.48,0.34364827,0.341958659,0.024260824,-2.16153E-05
8.5,0.344124829,0.342442795,0.024152747,-2.16458E-05
8.52,0.344599213,0.342924767,0.024044518,-2.16762E-05
8.54,0.345071421,0.343404574,0.023936138,-2.17064E-05
8.56,0.345541449,0.343882211,0.023827605,-2.17365E-05
8.58,0.346009294,0.344357676,0.023718923,-2.17665E-05
8.6,0.346474954,0.344830967,0.02361009,-2.17963E-05
8.62,0.346938426,0.345302079,0.023501109,-2.1826E-05
8.64,0.347399706,0.345771009,0.023391979,-2.18556E-05
8.66,0.347858791,0.346237756,0.023282701,-2.1885E-05
8.68,0.34831568,0.346702316,0.023173276,-2.19142E-05
8.7,0.348770368,0.347164686,0.023063705,-2.19434E-05
8.72,0.349222853,0.347624863,0.022953988,-2.19724E-05
8.74,0.349673132,0.348082844,0.022844126,-2.20012E-05
8.76,0.350121203,0.348538626,0.02273412,-2.203E-05
8.78,0.350567062,0.348992207,0.02262397,-2.20585E-05
8.8,0.351010706,0.349443584,0.022513678,-2.2087E-05
8.82,0.351452134,0.349892753,0.022403243,-2.21153E-05
8.84,0.351891341,0.350339712,0.022292666,-2.21434E-05
8.86,0.352328326,0.350784458,0.022181949,-2.21715E-05
8.88,0.352763085,0.351226989,0.022071092,-2.21993E-05
8.9,0.353195616,0.351667301,0.021960095,-2.22271E-05
8.92,0.353625916,0.352105391,0.02184896,-2.22547E-05
8.94,0.354053983,0.352541258,0.021737686,-2.22822E-05
8.96,0.354479813,0.352974897,0.021626276,-2.23095E-05
8.98,0.354903404,0.353406307,0.021514728,-2.23367E-05
9,0.355324753,0.353835485,0.021403045,-2.23637E-05
9.02,0.355743857,0.354262428,0.021291226,-2.23906E-05
9.04,0.356160715,0.354687133,0.021179274,-2.24173E-05
9.06,0.356575323,0.355109597,0.021067187,-2.2444E-05
9.08,0.356987678,0.355529819,0.020954967,-2.24704E-05
9.1,0.357397779,0.355947795,0.020842615,-2.24968E-05
9.12,0.357805622,0.356363522,0.020730131,-2.2523E-05
9.14,0.358211205,0.356776999,0.020617516,-2.2549E-05
9.16,0.358614525,0.357188221,0.020504771,-2.25749E-05
9.18,0.359015581,0.357597188,0.020391897,-2.26007E-05
9.2,0.359414368,0.358003896,0.020278893,-2.26263E-05
9.22,0.359810885,0.358408343,0.020165762,-2.26518E-05
9.24,0.36020513,0.358810525,0.020052503,-2.26771E-05
9.26,0.360597099,0.359210441,0.019939118,-2.27023E-05
9.28,0.36098679,0.359608089,0.019825606,-2.27273E-05
9.3,0.361374201,0.360003464,0.01971197,-2.27522E-05
9.32,0.36175933,0.360396566,0.019598209,-2.2777E-05
9.34,0.362142174,0.360787392,0.019484324,-2.28016E-05
9.36,0.36252273,0.361175938,0.019370316,-2.28261E-05
9.38,0.362900996,0.361562203,0.019256185,-2.28504E-05
9.4,0.36327697,0.361946184,0.019141933,-2.28746E-05
9.42,0.363650649,0.362327879,0.019027561,-2.28986E-05
9.44,0.364022031,0.362707285,0.018913067,-2.29225E-05
9.46,0.364391114,0.363084401,0.018798455,-2.29463E-05
9.48,0.364757895,0.363459222,0.018683724,-2.29699E-05
9.5,0.365122372,0.363831748,0.018568874,-2.29933E-05
9.52,0.365484543,0.364201976,0.018453908,-2.30166E-05
9.54,0.365844405,0.364569903,0.018338825,-2.30398E-05
9.56,0.366201957,0.364935528,0.018223626,-2.30628E-05
9.58,0.366557195,0.365298847,0.018108311,-2.30857E-05
9.6,0.366910118,0.365659859,0.017992883,-2.31084E-05
9.62,0.367260723,0.366018562,0.017877341,-2.3131E-05
9.64,0.367609008,0.366374952,0.017761686,-2.31535E-05
9.66,0.367954972,0.366729028,0.017645918,-2.31757E-05
9.68,0.368298611,0.367080787,0.01753004,-2.31979E-05
9.7,0.368639924,0.367430228,0.01741405,-2.32199E-05
9.72,0.368978908,0.367777348,0.017297951,-2.32417E-05
9.74,0.369315562,0.368122145,0.017181742,-2.32634E-05
9.76,0.369649883,0.368464617,0.017065425,-2.3285E-05
9.78,0.369981869,0.368804761,0.016949,-2.33064E-05
9.8,0.370311517,0.369142576,0.016832468,-2.33277E-05
9.82,0.370638827,0.369478059,0.016715829,-2.33488E-05
9.84,0.370963796,0.369811208,0.016599085,-2.33698E-05
9.86,0.371286421,0.370142021,0.016482236,-2.33906E-05
9.88,0.371606702,0.370470496,0.016365283,-2.34113E-05
9.9,0.371924635,0.370796631,0.016248227,-2.34318E-05
9.92,0.372240218,0.371120424,0.016131068,-2.34522E-05
9.94,0.372553451,0.371441873,0.016013807,-2.34724E-05
9.96,0.37286433,0.371760976,0.015896445,-2.34925E-05
9.98,0.373172854,0.37207773,0.015778983,-2.35124E-05
10,0.373479021,0.372392134,0.015661421,-2.35322E-05
10.02,0.373782828,0.372704186,0.01554376,-2.35518E-05
10.04,0.374084275,0.373013883,0.015426001,-2.35713E-05
10.06,0.374383359,0.373321225,0.015308144,-2.35907E-05
10.08,0.374680078,0.373626208,0.015190191,-2.36099E-05
10.1,0.37497443,0.373928832,0.015072141,-2.36289E-05
10.12,0.375266414,0.374229093,0.014953997,-2.36478E-05
10.14,0.375556027,0.37452699,0.014835758,-2.36665E-05
10.16,0.375843268,0.374822522,0.014717425,-2.36851E-05
10.18,0.376128135,0.375115687,0.014599,-2.37036E-05
10.2,0.376410626,0.375406481,0.014480482,-2.37219E-05
10.22,0.37669074,0.375694905,0.014361872,-2.374E-05
10.24,0.376968474,0.375980955,0.014243172,-2.3758E-05
10.26,0.377243827,0.376264631,0.014124382,-2.37758E-05
10.28,0.377516798,0.37654593,0.014005503,-2.37935E-05
10.3,0.377787383,0.37682485,0.013886536,-2.38111E-05
10.32,0.378055583,0.37710139,0.01376748,-2.38285E-05
10.34,0.378321394,0.377375548,0.013648338,-2.38457E-05
10.36,0.378584815,0.377647323,0.013529109,-2.38628E-05
10.38,0.378845846,0.377916712,0.013409795,-2.38797E-05
10.4,0.379104483,0.378183714,0.013290397,-2.38965E-05
10.42,0.379360726,0.378448327,0.013170914,-2.39132E-05
10.44,0.379614572,0.37871055,0.013051348,-2.39297E-05
10.46,0.379866021,0.37897038,0.0129317,-2.3946E-05
10.48,0.38011507,0.379227817,0.01281197,-2.39622E-05
10.5,0.380361718,0.379482858,0.012692159,-2.39782E-05
10.52,0.380605963,0.379735502,0.012572268,-2.39941E-05
10.54,0.380847805,0.379985748,0.012452297,-2.40098E-05
10.56,0.381087241,0.380233593,0.012332248,-2.40254E-05
10.58,0.381324269,0.380479037,0.012212121,-2.40408E-05
10.6,0.381558889,0.380722078,0.012091917,-2.40561E-05
10.62,0.381791099,0.380962713,0.011971636,-2.40712E-05
10.64,0.382020897,0.381200942,0.01185128,-2.40862E-05
10.66,0.382248283,0.381436764,0.011730849,-2.4101E-05
10.68,0.382473253,0.381670175,0.011610344,-2.41157E-05
10.7,0.382695808,0.381901177,0.011489765,-2.41302E-05
10.72,0.382915946,0.382129765,0.011369114,-2.41446E-05
10.74,0.383133664,0.38235594,0.011248391,-2.41588E-05
10.76,0.383348963,0.3825797,0.011127598,-2.41728E-05
10.78,0.38356184,0.382801044,0.011006733,-2.41867E-05
10.8,0.383772295,0.383019969,0.0108858,-2.42005E-05
10.82,0.383980325,0.383236475,0.010764797,-2.42141E-05
10.84,0.38418593,0.38345056,0.010643727,-2.42275E-05
10.86,0.384389108,0.383662223,0.010522589,-2.42408E-05
10.88,0.384589858,0.383871463,0.010401385,-2.4254E-05
10.9,0.384788179,0.384078278,0.010280115,-2.4267E-05
10.92,0.38498407,0.384282667,0.01015878,-2.42798E-05
10.94,0.385177528,0.384484629,0.010037381,-2.42925E-05
10.96,0.385368554,0.384684162,0.009915919,-2.4305E-05
10.98,0.385557145,0.384881265,0.009794394,-2.43174E-05
11,0.385743301,0.385075937,0.009672807,-2.43296E-05
11.02,0.385927021,0.385268176,0.009551159,-2.43417E-05
11.04,0.386108303,0.385457982,0.00942945,-2.43536E-05
11.06,0.386287145,0.385645354,0.009307682,-2.43653E-05
11.08,0.386463548,0.385830289,0.009185856,-2.43769E-05
11.1,0.38663751,0.386012787,0.009063971,-2.43884E-05
11.12,0.38680903,0.386192847,0.008942029,-2.43997E-05
11.14,0.386978106,0.386370468,0.008820031,-2.44108E-05
11.16,0.387144738,0.386545648,0.008697977,-2.44218E-05
11.18,0.387308924,0.386718387,0.008575867,-2.44327E-05
11.2,0.387470664,0.386888682,0.008453704,-2.44433E-05
11.22,0.387629957,0.387056534,0.008331488,-2.44539E-05
11.24,0.387786801,0.387221941,0.008209218,-2.44642E-05
11.26,0.387941195,0.387384902,0.008086897,-2.44744E-05
11.28,0.38809314,0.387545417,0.007964525,-2.44845E-05
11.3,0.388242632,0.387703483,0.007842102,-2.44944E-05
11.32,0.388389673,0.3878591,0.00771963,-2.45042E-05
11.34,0.38853426,0.388012268,0.007597109,-2.45138E-05
11.36,0.388676393,0.388162984,0.007474541,-2.45232E-05
11.38,0.38881607,0.388311249,0.007351925,-2.45325E-05
11.4,0.388953292,0.388457061,0.007229262,-2.45416E-05
11.42,0.389088057,0.388600419,0.007106554,-2.45506E-05
11.44,0.389220365,0.388741322,0.006983801,-2.45594E-05
11.46,0.389350213,0.38887977,0.006861004,-2.45681E-05
11.48,0.389477603,0.389015762,0.006738163,-2.45766E-05
11.5,0.389602532,0.389149297,0.00661528,-2.4585E-05
11.52,0.389725,0.389280373,0.006492356,-2.45932E-05
11.54,0.389845007,0.38940899,0.00636939,-2.46012E-05
11.56,0.389962551,0.389535148,0.006246384,-2.46091E-05
11.58,0.390077632,0.389658845,0.006123338,-2.46168E-05
11.6,0.390190249,0.389780081,0.006000254,-2.46244E-05
11.62,0.390300402,0.389898855,0.005877132,-2.46318E-05
11.64,0.390408089,0.390015166,0.005753973,-2.46391E-05
11.66,0.39051331,0.390129014,0.005630777,-2.46462E-05
11.68,0.390616064,0.390240397,0.005507546,-2.46532E-05
11.7,0.390716351,0.390349315,0.00538428,-2.466E-05
11.72,0.39081417,0.390455768,0.00526098,-2.46666E-05
11.74,0.39090952,0.390559754,0.005137647,-2.46731E-05
11.76,0.391002401,0.390661273,0.005014281,-2.46795E-05
11.78,0.391092813,0.390760325,0.004890884,-2.46856E-05
11.8,0.391180754,0.390856908,0.004767456,-2.46917E-05
11.82,0.391266224,0.390951023,0.004643998,-2.46975E-05
11.84,0.391349222,0.391042668,0.00452051,-2.47032E-05
11.86,0.391429749,0.391131843,0.004396994,-2.47088E-05
11.88,0.391507803,0.391218547,0.00427345,-2.47142E-05
11.9,0.391583384,0.391302781,0.004149879,-2.47194E-05
11.92,0.391656492,0.391384542,0.004026282,-2.47245E-05
11.94,0.391727126,0.391463832,0.003902659,-2.47294E-05
11.96,0.391795286,0.391540648,0.003779012,-2.47342E-05
11.98,0.39186097,0.391614992,0.003655341,-2.47388E-05
12,0.39192418,0.391686862,0.003531647,-2.47433E-05
12.02,0.391984914,0.391756258,0.00340793,-2.47476E-05
12.04,0.392043172,0.391823179,0.003284192,-2.47518E-05
12.06,0.392098953,0.391887625,0.003160433,-2.47557E-05
12.08,0.392152258,0.391949596,0.003036655,-2.47596E-05
12.1,0.392203086,0.392009091,0.002912857,-2.47633E-05
12.12,0.392251436,0.39206611,0.00278904,-2.47668E-05
12.14,0.392297309,0.392120652,0.002665206,-2.47702E-05
12.16,0.392340704,0.392172718,0.002541356,-2.47734E-05
12.18,0.39238162,0.392222307,0.002417489,-2.47764E-05
12.2,0.392420058,0.392269418,0.002293607,-2.47793E-05
12.22,0.392456018,0.392314051,0.00216971,-2.47821E-05
12.24,0.392489498,0.392356206,0.0020458,-2.47846E-05
12.26,0.392520499,0.392395883,0.001921877,-2.47871E-05
12.28,0.392549021,0.392433081,0.001797941,-2.47893E-05
12.3,0.392575063,0.3924678,0.001673995,-2.47915E-05
12.32,0.392598626,0.39250004,0.001550037,-2.47934E-05
12.34,0.392619708,0.392529801,0.00142607,-2.47952E-05
12.36,0.392638311,0.392557083,0.001302094,-2.47969E-05
12.38,0.392654434,0.392581885,0.00117811,-2.47983E-05
12.4,0.392668076,0.392604207,0.001054118,-2.47997E-05
12.42,0.392679238,0.39262405,0.00093012,-2.48009E-05
12.44,0.392687919,0.392641412,0.000806115,-2.48019E-05
12.46,0.392694121,0.392656294,0.000682106,-2.48027E-05
12.48,0.392697841,0.392668696,0.000558092,-2.48034E-05
12.5,0.392699082,0.392678618,0.000434075,-2.4804E-05
12.52,0.392697841,0.392686059,0.000310055,-2.48044E-05
12.54,0.392694121,0.39269102,0.000186033,-2.48046E-05
12.56,0.392687919,0.392693501,6.20102E-05,-2.48047E-05
12.58,0.392679238,0.392693501,-6.20133E-05,-2.48046E-05
12.6,0.392668076,0.39269102,-0.000186036,-2.48044E-05
12.62,0.392654434,0.392686059,-0.000310058,-2.4804E-05
12.64,0.392638311,0.392678618,-0.000434078,-2.48034E-05
12.66,0.392619708,0.392668696,-0.000558095,-2.48027E-05
12.68,0.392598626,0.392656294,-0.000682109,-2.48019E-05
12.7,0.392575063,0.392641412,-0.000806119,-2.48009E-05
12.72,0.392549021,0.392624049,-0.000930123,-2.47997E-05
12.74,0.392520499,0.392604207,-0.001054121,-2.47983E-05
12.76,0.392489498,0.392581885,-0.001178113,-2.47969E-05
12.78,0.392456018,0.392557082,-0.001302097,-2.47952E-05
12.8,0.392420058,0.392529801,-0.001426073,-2.47934E-05
12.82,0.39238162,0.39250004,-0.00155004,-2.47915E-05
12.84,0.392340704,0.392467799,-0.001673998,-2.47893E-05
12.86,0.392297309,0.39243308,-0.001797944,-2.47871E-05
12.88,0.392251436,0.392395882,-0.00192188,-2.47846E-05
12.9,0.392203086,0.392356205,-0.002045803,-2.47821E-05
12.92,0.392152258,0.39231405,-0.002169713,-2.47793E-05
12.94,0.392098953,0.392269416,-0.00229361,-2.47764E-05
12.96,0.392043172,0.392222305,-0.002417492,-2.47734E-05
12.98,0.391984914,0.392172717,-0.002541359,-2.47702E-05
13,0.39192418,0.392120651,-0.00266521,-2.47668E-05
13.02,0.39186097,0.392066109,-0.002789043,-2.47633E-05
13.04,0.391795286,0.39200909,-0.00291286,-2.47596E-05
13.06,0.391727126,0.391949594,-0.003036658,-2.47557E-05
13.08,0.391656492,0.391887623,-0.003160436,-2.47518E-05
13.1,0.391583384,0.391823177,-0.003284195,-2.47476E-05
13.12,0.391507803,0.391756256,-0.003407933,-2.47433E-05
13.14,0.391429749,0.39168686,-0.00353165,-2.47388E-05
13.16,0.391349222,0.39161499,-0.003655344,-2.47342E-05
13.18,0.391266224,0.391540647,-0.003779015,-2.47294E-05
13.2,0.391180754,0.39146383,-0.003902662,-2.47245E-05
13.22,0.391092813,0.39138454,-0.004026285,-2.47194E-05
13.24,0.391002401,0.391302779,-0.004149882,-2.47142E-05
13.26,0.39090952,0.391218545,-0.004273453,-2.47088E-05
13.28,0.39081417,0.391131841,-0.004396997,-2.47032E-05
13.3,0.390716351,0.391042666,-0.004520513,-2.46975E-05
13.32,0.390616064,0.39095102,-0.004644001,-2.46917E-05
13.34,0.39051331,0.390856906,-0.004767459,-2.46856E-05
13.36,0.390408089,0.390760322,-0.004890887,-2.46795E-05
13.38,0.390300402,0.390661271,-0.005014285,-2.46731E-05
13.4,0.390190249,0.390559751,-0.00513765,-2.46666E-05
13.42,0.390077632,0.390455765,-0.005260983,-2.466E-05
13.44,0.389962551,0.390349312,-0.005384283,-2.46532E-05
13.46,0.389845007,0.390240394,-0.005507549,-2.46462E-05
13.48,0.389725,0.390129011,-0.00563078,-2.46391E-05
13.5,0.389602532,0.390015163,-0.005753976,-2.46318E-05
13.52,0.389477603,0.389898852,-0.005877135,-2.46244E-05
13.54,0.389350213,0.389780078,-0.006000257,-2.46168E-05
13.56,0.389220365,0.389658842,-0.006123341,-2.46091E-05
13.58,0.389088057,0.389535145,-0.006246387,-2.46012E-05
13.6,0.388953292,0.389408987,-0.006369393,-2.45932E-05
13.62,0.38881607,0.38928037,-0.006492359,-2.4585E-05
13.64,0.388676393,0.389149293,-0.006615284,-2.45766E-05
13.66,0.38853426,0.389015759,-0.006738167,-2.45681E-05
13.68,0.388389673,0.388879767,-0.006861007,-2.45594E-05
13.7,0.388242632,0.388741319,-0.006983804,-2.45506E-05
13.72,0.38809314,0.388600415,-0.007106557,-2.45416E-05
13.74,0.387941195,0.388457057,-0.007229265,-2.45325E-05
13.76,0.387786801,0.388311245,-0.007351928,-2.45232E-05
13.78,0.387629957,0.38816298,-0.007474544,-2.45138E-05
13.8,0.387470664,0.388012264,-0.007597113,-2.45042E-05
13.82,0.387308924,0.387859096,-0.007719633,-2.44944E-05
13.84,0.387144738,0.387703479,-0.007842105,-2.44845E-05
13.86,0.386978106,0.387545413,-0.007964528,-2.44744E-05
13.88,0.38680903,0.387384898,-0.0080869,-2.44642E-05
13.9,0.38663751,0.387221937,-0.008209221,-2.44539E-05
13.92,0.386463548,0.38705653,-0.008331491,-2.44433E-05
13.94,0.386287145,0.386888678,-0.008453707,-2.44327E-05
13.96,0.386108303,0.386718382,-0.008575871,-2.44218E-05
13.98,0.385927021,0.386545644,-0.00869798,-2.44108E-05
14,0.385743301,0.386370464,-0.008820034,-2.43997E-05
14.02,0.385557145,0.386192843,-0.008942032,-2.43884E-05
14.04,0.385368554,0.386012783,-0.009063974,-2.43769E-05
14.06,0.385177528,0.385830285,-0.009185859,-2.43653E-05
14.08,0.38498407,0.385645349,-0.009307686,-2.43536E-05
14.1,0.384788179,0.385457978,-0.009429453,-2.43417E-05
14.12,0.384589858,0.385268172,-0.009551162,-2.43296E-05
14.14,0.384389108,0.385075932,-0.00967281,-2.43174E-05
14.16,0.38418593,0.38488126,-0.009794397,-2.4305E-05
14.18,0.383980325,0.384684157,-0.009915922,-2.42925E-05
14.2,0.383772295,0.384484624,-0.010037384,-2.42798E-05
14.22,0.38356184,0.384282662,-0.010158783,-2.4267E-05
14.24,0.383348963,0.384078273,-0.010280118,-2.4254E-05
14.26,0.383133664,0.383871458,-0.010401388,-2.42408E-05
14.28,0.382915946,0.383662218,-0.010522592,-2.42275E-05
14.3,0.382695808,0.383450555,-0.01064373,-2.42141E-05
14.32,0.382473253,0.383236469,-0.0107648,-2.42005E-05
14.34,0.382248283,0.383019963,-0.010885803,-2.41867E-05
14.36,0.382020897,0.382801038,-0.011006736,-2.41728E-05
14.38,0.381791099,0.382579695,-0.011127601,-2.41588E-05
14.4,0.381558889,0.382355935,-0.011248395,-2.41446E-05
14.42,0.381324269,0.38212976,-0.011369117,-2.41302E-05
14.44,0.381087241,0.381901171,-0.011489768,-2.41157E-05
14.46,0.380847805,0.38167017,-0.011610347,-2.4101E-05
14.48,0.380605963,0.381436758,-0.011730852,-2.40862E-05
14.5,0.380361718,0.381200936,-0.011851283,-2.40712E-05
14.52,0.38011507,0.380962707,-0.011971639,-2.40561E-05
14.54,0.379866021,0.380722071,-0.01209192,-2.40408E-05
14.56,0.379614572,0.380479031,-0.012212124,-2.40254E-05
14.58,0.379360726,0.380233587,-0.012332251,-2.40098E-05
14.6,0.379104483,0.379985742,-0.0124523,-2.39941E-05
14.62,0.378845846,0.379735496,-0.012572271,-2.39782E-05
14.64,0.378584815,0.379482852,-0.012692162,-2.39622E-05
14.66,0.378321394,0.37922781,-0.012811973,-2.3946E-05
14.68,0.378055583,0.378970374,-0.012931703,-2.39297E-05
14.7,0.377787383,0.378710543,-0.013051351,-2.39132E-05
14.72,0.377516798,0.37844832,-0.013170917,-2.38965E-05
14.74,0.377243827,0.378183707,-0.0132904,-2.38797E-05
14.76,0.376968474,0.377916705,-0.013409798,-2.38628E-05
14.78,0.37669074,0.377647316,-0.013529112,-2.38457E-05
14.8,0.376410626,0.377375542,-0.013648341,-2.38285E-05
14.82,0.376128135,0.377101383,-0.013767483,-2.38111E-05
14.84,0.375843268,0.376824843,-0.013886539,-2.37935E-05
14.86,0.375556027,0.376545923,-0.014005506,-2.37758E-05
14.88,0.375266414,0.376264624,-0.014124385,-2.3758E-05
14.9,0.37497443,0.375980948,-0.014243175,-2.374E-05
14.92,0.374680078,0.375694898,-0.014361875,-2.37219E-05
14.94,0.374383359,0.375406474,-0.014480485,-2.37036E-05
14.96,0.374084275,0.375115679,-0.014599003,-2.36851E-05
14.98,0.373782828,0.374822515,-0.014717428,-2.36665E-05
15,0.373479021,0.374526983,-0.014835761,-2.36478E-05
15.02,0.373172854,0.374229085,-0.014954,-2.36289E-05
15.04,0.37286433,0.373928824,-0.015072144,-2.36099E-05
15.06,0.372553451,0.373626201,-0.015190194,-2.35907E-05
15.08,0.372240218,0.373321217,-0.015308147,-2.35713E-05
15.1,0.371924635,0.373013876,-0.015426004,-2.35518E-05
15.12,0.371606702,0.372704178,-0.015543763,-2.35322E-05
15.14,0.371286421,0.372392126,-0.015661424,-2.35124E-05
15.16,0.370963796,0.372077722,-0.015778986,-2.34925E-05
15.18,0.370638827,0.371760968,-0.015896448,-2.34724E-05
15.2,0.370311517,0.371441865,-0.01601381,-2.34522E-05
15.22,0.369981869,0.371120416,-0.016131071,-2.34318E-05
15.24,0.369649883,0.370796623,-0.01624823,-2.34113E-05
15.26,0.369315562,0.370470488,-0.016365286,-2.33906E-05
15.28,0.368978908,0.370142013,-0.016482239,-2.33698E-05
15.3,0.368639924,0.3698112,-0.016599088,-2.33488E-05
15.32,0.368298611,0.36947805,-0.016715832,-2.33277E-05
15.34,0.367954972,0.369142567,-0.016832471,-2.33064E-05
15.36,0.367609008,0.368804753,-0.016949003,-2.3285E-05
15.38,0.367260723,0.368464608,-0.017065428,-2.32634E-05
15.4,0.366910118,0.368122137,-0.017181745,-2.32417E-05
15.42,0.366557195,0.36777734,-0.017297954,-2.32199E-05
15.44,0.366201957,0.367430219,-0.017414053,-2.31979E-05
15.46,0.365844405,0.367080779,-0.017530043,-2.31757E-05
15.48,0.365484543,0.366729019,-0.017645921,-2.31535E-05
15.5,0.365122372,0.366374943,-0.017761689,-2.3131E-05
15.52,0.364757895,0.366018552,-0.017877344,-2.31084E-05
15.54,0.364391114,0.36565985,-0.017992886,-2.30857E-05
15.56,0.364022031,0.365298838,-0.018108314,-2.30628E-05
15.58,0.363650649,0.364935519,-0.018223628,-2.30398E-05
15.6,0.36327697,0.364569894,-0.018338827,-2.30166E-05
15.62,0.362900996,0.364201967,-0.018453911,-2.29933E-05
15.64,0.36252273,0.363831739,-0.018568877,-2.29699E-05
15.66,0.362142174,0.363459213,-0.018683726,-2.29463E-05
15.68,0.36175933,0.363084391,-0.018798458,-2.29225E-05
15.7,0.361374201,0.362707276,-0.01891307,-2.28986E-05
15.72,0.36098679,0.362327869,-0.019027563,-2.28746E-05
15.74,0.360597099,0.361946174,-0.019141936,-2.28504E-05
15.76,0.36020513,0.361562193,-0.019256188,-2.28261E-05
15.78,0.359810885,0.361175928,-0.019370319,-2.28016E-05
15.8,0.359414368,0.360787382,-0.019484327,-2.2777E-05
15.82,0.359015581,0.360396556,-0.019598212,-2.27522E-05
15.84,0.358614525,0.360003454,-0.019711973,-2.27273E-05
15.86,0.358211205,0.359608079,-0.019825609,-2.27023E-05
15.88,0.357805622,0.359210431,-0.019939121,-2.26771E-05
15.9,0.357397779,0.358810515,-0.020052506,-2.26518E-05
15.92,0.356987678,0.358408332,-0.020165765,-2.26263E-05
15.94,0.356575323,0.358003886,-0.020278896,-2.26007E-05
15.96,0.356160715,0.357597178,-0.0203919,-2.25749E-05
15.98,0.355743857,0.357188211,-0.020504774,-2.2549E-05
16,0.355324753,0.356776988,-0.020617519,-2.2523E-05
16.02,0.354903404,0.356363512,-0.020730134,-2.24968E-05
16.04,0.354479813,0.355947784,-0.020842618,-2.24704E-05
16.06,0.354053983,0.355529808,-0.02095497,-2.2444E-05
16.08,0.353625916,0.355109587,-0.02106719,-2.24173E-05
16.1,0.353195616,0.354687122,-0.021179276,-2.23906E-05
16.12,0.352763085,0.354262417,-0.021291229,-2.23637E-05
16.14,0.352328326,0.353835474,-0.021403048,-2.23367E-05
16.16,0.351891341,0.353406296,-0.021514731,-2.23095E-05
16.18,0.351452134,0.352974886,-0.021626278,-2.22822E-05
16.2,0.351010706,0.352541247,-0.021737689,-2.22547E-05
16.22,0.350567062,0.35210538,-0.021848963,-2.22271E-05
16.24,0.350121203,0.351667289,-0.021960098,-2.21993E-05
16.26,0.349673132,0.351226978,-0.022071095,-2.21715E-05
16.28,0.349222853,0.350784447,-0.022181952,-2.21434E-05
16.3,0.348770368,0.350339701,-0.022292669,-2.21153E-05
16.32,0.34831568,0.349892742,-0.022403246,-2.2087E-05
16.34,0.347858791,0.349443572,-0.022513681,-2.20585E-05
16.36,0.347399706,0.348992196,-0.022623973,-2.203E-05
16.38,0.346938426,0.348538615,-0.022734123,-2.20012E-05
16.4,0.346474954,0.348082832,-0.022844129,-2.19724E-05
16.42,0.346009294,0.347624851,-0.022953991,-2.19434E-05
16.44,0.345541449,0.347164674,-0.023063708,-2.19142E-05
16.46,0.345071421,0.346702304,-0.023173279,-2.1885E-05
16.48,0.344599213,0.346237745,-0.023282704,-2.18556E-05
16.5,0.344124829,0.345770998,-0.023391982,-2.1826E-05
16.52,0.34364827,0.345302067,-0.023501112,-2.17963E-05
16.54,0.343169542,0.344830955,-0.023610093,-2.17665E-05
16.56,0.342688645,0.344357664,-0.023718926,-2.17365E-05
16.58,0.342205584,0.343882199,-0.023827608,-2.17064E-05
16.6,0.341720361,0.343404562,-0.02393614,-2.16762E-05
16.62,0.34123298,0.342924755,-0.024044521,-2.16458E-05
16.64,0.340743444,0.342442782,-0.02415275,-2.16153E-05
16.66,0.340251755,0.341958647,-0.024260827,-2.15846E-05
16.68,0.339757917,0.341472351,-0.02436875,-2.15539E-05
16.7,0.339261933,0.340983898,-0.024476519,-2.15229E-05
16.72,0.338763805,0.340493292,-0.024584134,-2.14919E-05
16.74,0.338263539,0.340000534,-0.024691593,-2.14607E-05
16.76,0.337761135,0.339505629,-0.024798897,-2.14294E-05
16.78,0.337256598,0.33900858,-0.024906043,-2.13979E-05
16.8,0.33674993,0.338509389,-0.025013033,-2.13663E-05
16.82,0.336241136,0.33800806,-0.025119864,-2.13346E-05
16.84,0.335730218,0.337504596,-0.025226537,-2.13027E-05
16.86,0.335217179,0.336999,-0.025333051,-2.12707E-05
16.88,0.334702022,0.336491276,-0.025439404,-2.12385E-05
16.9,0.334184752,0.335981426,-0.025545597,-2.12063E-05
16.92,0.33366537,0.335469454,-0.025651628,-2.11739E-05
16.94,0.333143881,0.334955362,-0.025757498,-2.11413E-05
16.96,0.332620288,0.334439155,-0.025863204,-2.11087E-05
16.98,0.332094593,0.333920836,-0.025968747,-2.10759E-05
17,0.331566801,0.333400407,-0.026074127,-2.10429E-05
17.02,0.331036915,0.332877872,-0.026179341,-2.10098E-05
17.04,0.330504937,0.332353235,-0.026284391,-2.09766E-05
17.06,0.329970872,0.331826498,-0.026389274,-2.09433E-05
17.08,0.329434723,0.331297666,-0.02649399,-2.09098E-05
17.1,0.328896492,0.33076674,-0.026598539,-2.08762E-05
17.12,0.328356184,0.330233726,-0.02670292,-2.08425E-05
17.14,0.327813803,0.329698625,-0.026807133,-2.08086E-05
17.16,0.32726935,0.329161442,-0.026911176,-2.07746E-05
17.18,0.32672283,0.32862218,-0.027015049,-2.07405E-05
17.2,0.326174247,0.328080842,-0.027118752,-2.07062E-05
17.22,0.325623603,0.327537432,-0.027222283,-2.06718E-05
17.24,0.325070903,0.326991952,-0.027325642,-2.06373E-05
17.26,0.324516149,0.326444408,-0.027428829,-2.06027E-05
17.28,0.323959345,0.325894801,-0.027531842,-2.05679E-05
17.3,0.323400495,0.325343136,-0.027634682,-2.0533E-05
17.32,0.322839602,0.324789415,-0.027737346,-2.04979E-05
17.34,0.32227667,0.324233644,-0.027839836,-2.04628E-05
17.36,0.321711702,0.323675824,-0.02794215,-2.04275E-05
17.38,0.321144702,0.323115959,-0.028044287,-2.0392E-05
17.4,0.320575674,0.322554054,-0.028146248,-2.03565E-05
17.42,0.320004621,0.321990111,-0.02824803,-2.03208E-05
17.44,0.319431546,0.321424135,-0.028349634,-2.0285E-05
17.46,0.318856454,0.320856128,-0.028451059,-2.0249E-05
17.48,0.318279348,0.320286094,-0.028552304,-2.0213E-05
17.5,0.317700231,0.319714037,-0.028653369,-2.01768E-05
17.52,0.317119107,0.319139961,-0.028754253,-2.01405E-05
17.54,0.316535981,0.318563869,-0.028854955,-2.0104E-05
17.56,0.315950854,0.317985765,-0.028955475,-2.00674E-05
17.58,0.315363733,0.317405652,-0.029055812,-2.00307E-05
17.6,0.314774619,0.316823534,-0.029155966,-1.99939E-05
17.62,0.314183517,0.316239415,-0.029255935,-1.99569E-05
17.64,0.31359043,0.315653298,-0.02935572,-1.99198E-05
17.66,0.312995363,0.315065188,-0.029455319,-1.98826E-05
17.68,0.312398318,0.314475088,-0.029554732,-1.98453E-05
17.7,0.3117993,0.313883001,-0.029653959,-1.98078E-05
17.72,0.311198313,0.313288931,-0.029752998,-1.97702E-05
17.74,0.31059536,0.312692883,-0.029851849,-1.97325E-05
17.76,0.309990445,0.312094859,-0.029950512,-1.96947E-05
17.78,0.309383572,0.311494864,-0.030048985,-1.96567E-05
17.8,0.308774745,0.310892902,-0.030147269,-1.96186E-05
17.82,0.308163968,0.310288975,-0.030245362,-1.95804E-05
17.84,0.307551244,0.309683089,-0.030343264,-1.95421E-05
17.86,0.306936577,0.309075247,-0.030440975,-1.95036E-05
17.88,0.306319971,0.308465452,-0.030538493,-1.94651E-05
17.9,0.305701431,0.307853709,-0.030635818,-1.94264E-05
17.92,0.30508096,0.307240021,-0.03073295,-1.93875E-05
17.94,0.304458561,0.306624393,-0.030829888,-1.93486E-05
17.96,0.30383424,0.306006828,-0.030926631,-1.93095E-05
17.98,0.303207999,0.305387329,-0.031023178,-1.92703E-05
18,0.302579843,0.304765902,-0.03111953,-1.9231E-05
18.02,0.301949776,0.30414255,-0.031215685,-1.91916E-05
18.04,0.301317801,0.303517277,-0.031311643,-1.9152E-05
18.06,0.300683923,0.302890086,-0.031407403,-1.91123E-05
18.08,0.300048146,0.302260983,-0.031502965,-1.90725E-05
18.1,0.299410474,0.30162997,-0.031598327,-1.90326E-05
18.12,0.29877091,0.300997052,-0.031693491,-1.89926E-05
18.14,0.29812946,0.300362232,-0.031788453,-1.89524E-05
18.16,0.297486126,0.299725516,-0.031883216,-1.89122E-05
18.18,0.296840913,0.299086906,-0.031977776,-1.88718E-05
18.2,0.296193825,0.298446407,-0.032072135,-1.88312E-05
18.22,0.295544866,0.297804022,-0.032166291,-1.87906E-05
18.24,0.29489404,0.297159757,-0.032260244,-1.87498E-05
18.26,0.294241351,0.296513615,-0.032353994,-1.8709E-05
18.28,0.293586804,0.295865599,-0.032447539,-1.8668E-05
18.3,0.292930403,0.295215715,-0.032540878,-1.86269E-05
18.32,0.292272151,0.294563966,-0.032634013,-1.85856E-05
18.34,0.291612053,0.293910357,-0.032726941,-1.85443E-05
18.36,0.290950113,0.293254891,-0.032819663,-1.85028E-05
18.38,0.290286335,0.292597572,-0.032912177,-1.84613E-05
18.4,0.289620724,0.291938406,-0.033004483,-1.84196E-05
18.42,0.288953283,0.291277395,-0.033096581,-1.83778E-05
18.44,0.288284017,0.290614544,-0.03318847,-1.83358E-05
18.46,0.28761293,0.289949858,-0.033280149,-1.82938E-05
18.48,0.286940027,0.289283341,-0.033371618,-1.82516E-05
18.5,0.286265311,0.288614996,-0.033462876,-1.82094E-05
18.52,0.285588786,0.287944828,-0.033553923,-1.8167E-05
18.54,0.284910458,0.287272841,-0.033644758,-1.81245E-05
18.56,0.28423033,0.286599039,-0.03373538,-1.80818E-05
18.58,0.283548407,0.285923428,-0.033825789,-1.80391E-05
18.6,0.282864693,0.28524601,-0.033915985,-1.79963E-05
18.62,0.282179192,0.284566791,-0.034005966,-1.79533E-05
18.64,0.281491908,0.283885774,-0.034095732,-1.79102E-05
18.66,0.280802847,0.283202963,-0.034185284,-1.7867E-05
18.68,0.280112012,0.282518364,-0.034274619,-1.78237E-05
18.7,0.279419407,0.281831981,-0.034363738,-1.77803E-05
18.72,0.278725038,0.281143817,-0.034452639,-1.77368E-05
18.74,0.278028908,0.280453877,-0.034541323,-1.76932E-05
18.76,0.277331021,0.279762166,-0.034629789,-1.76494E-05
18.78,0.276631383,0.279068688,-0.034718036,-1.76056E-05
18.8,0.275929998,0.278373447,-0.034806064,-1.75616E-05
18.82,0.27522687,0.277676448,-0.034893872,-1.75175E-05
18.84,0.274522003,0.276977694,-0.03498146,-1.74733E-05
18.86,0.273815402,0.276277191,-0.035068826,-1.7429E-05
18.88,0.273107072,0.275574944,-0.035155971,-1.73846E-05
18.9,0.272397016,0.274870955,-0.035242894,-1.73401E-05
18.92,0.27168524,0.27416523,-0.035329595,-1.72954E-05
18.94,0.270971748,0.273457773,-0.035416072,-1.72507E-05
18.96,0.270256544,0.272748589,-0.035502326,-1.72059E-05
18.98,0.269539633,0.272037683,-0.035588355,-1.71609E-05
19,0.26882102,0.271325057,-0.035674159,-1.71158E-05
19.02,0.268100708,0.270610718,-0.035759739,-1.70707E-05
19.04,0.267378704,0.26989467,-0.035845092,-1.70254E-05
19.06,0.26665501,0.269176917,-0.035930219,-1.698E-05
19.08,0.265929632,0.268457464,-0.036015119,-1.69345E-05
19.1,0.265202574,0.267736315,-0.036099791,-1.68889E-05
19.12,0.264473841,0.267013474,-0.036184235,-1.68432E-05
19.14,0.263743437,0.266288947,-0.036268451,-1.67973E-05
19.16,0.263011367,0.265562738,-0.036352438,-1.67514E-05
19.18,0.262277636,0.264834852,-0.036436195,-1.67054E-05
19.2,0.261542249,0.264105293,-0.036519722,-1.66593E-05
19.22,0.260805209,0.263374066,-0.036603018,-1.6613E-05
19.24,0.260066522,0.262641175,-0.036686083,-1.65667E-05
19.26,0.259326192,0.261906625,-0.036768917,-1.65202E-05
19.28,0.258584225,0.26117042,-0.036851518,-1.64737E-05
19.3,0.257840623,0.260432566,-0.036933886,-1.6427E-05
19.32,0.257095394,0.259693067,-0.037016021,-1.63802E-05
19.34,0.25634854,0.258951928,-0.037097922,-1.63334E-05
19.36,0.255600067,0.258209153,-0.037179589,-1.62864E-05
19.38,0.254849979,0.257464746,-0.037261021,-1.62393E-05
19.4,0.254098282,0.256718714,-0.037342218,-1.61922E-05
19.42,0.25334498,0.25597106,-0.037423179,-1.61449E-05
19.44,0.252590077,0.255221789,-0.037503903,-1.60975E-05
19.46,0.251833579,0.254470906,-0.037584391,-1.605E-05
19.48,0.25107549,0.253718416,-0.037664641,-1.60024E-05
19.5,0.250315815,0.252964323,-0.037744653,-1.59548E-05
19.52,0.24955456,0.252208632,-0.037824427,-1.5907E-05
19.54,0.248791727,0.251451348,-0.037903962,-1.58591E-05
19.56,0.248027324,0.250692476,-0.037983257,-1.58111E-05
19.58,0.247261353,0.24993202,-0.038062313,-1.5763E-05
19.6,0.246493821,0.249169986,-0.038141128,-1.57148E-05
19.62,0.245724732,0.248406378,-0.038219702,-1.56666E-05
19.64,0.244954091,0.2476412,-0.038298035,-1.56182E-05
19.66,0.244181902,0.246874459,-0.038376126,-1.55697E-05
19.68,0.243408171,0.246106158,-0.038453974,-1.55211E-05
19.7,0.242632903,0.245336302,-0.03853158,-1.54724E-05
19.72,0.241856102,0.244564897,-0.038608942,-1.54237E-05
19.74,0.241077773,0.243791947,-0.03868606,-1.53748E-05
19.76,0.240297921,0.243017457,-0.038762934,-1.53258E-05
19.78,0.239516552,0.242241432,-0.038839563,-1.52768E-05
19.8,0.23873367,0.241463877,-0.038915947,-1.52276E-05
19.82,0.237949279,0.240684797,-0.038992085,-1.51783E-05
19.84,0.237163386,0.239904196,-0.039067977,-1.5129E-05
19.86,0.236375995,0.23912208,-0.039143622,-1.50795E-05
19.88,0.23558711,0.238338454,-0.039219019,-1.503E-05
19.9,0.234796738,0.237553322,-0.039294169,-1.49803E-05
19.92,0.234004882,0.236766689,-0.039369071,-1.49306E-05
19.94,0.233211548,0.235978561,-0.039443724,-1.48808E-05
19.96,0.232416742,0.235188943,-0.039518128,-1.48309E-05
19.98,0.231620467,0.234397839,-0.039592282,-1.47808E-05
20,0.230822729,0.233605254,-0.039666186,-1.47307E-05
20.02,0.230023533,0.232811194,-0.03973984,-1.46805E-05
20.04,0.229222884,0.232015663,-0.039813242,-1.46302E-05
20.06,0.228420787,0.231218667,-0.039886393,-1.45798E-05
20.08,0.227617248,0.23042021,-0.039959293,-1.45294E-05
20.1,0.22681227,0.229620298,-0.040031939,-1.44788E-05
20.12,0.22600586,0.228818935,-0.040104333,-1.44281E-05
20.14,0.225198023,0.228016127,-0.040176474,-1.43774E-05
20.16,0.224388763,0.227211878,-0.040248361,-1.43265E-05
20.18,0.223578085,0.226406195,-0.040319993,-1.42756E-05
20.2,0.222765995,0.225599081,-0.040391371,-1.42246E-05
20.22,0.221952499,0.224790543,-0.040462494,-1.41734E-05
20.24,0.2211376,0.223980584,-0.040533361,-1.41222E-05
20.26,0.220321304,0.223169211,-0.040603972,-1.40709E-05
20.28,0.219503617,0.222356428,-0.040674327,-1.40195E-05
20.3,0.218684543,0.22154224,-0.040744425,-1.39681E-05
20.32,0.217864088,0.220726653,-0.040814265,-1.39165E-05
20.34,0.217042257,0.219909672,-0.040883847,-1.38649E-05
20.36,0.216219055,0.219091302,-0.040953172,-1.38131E-05
20.38,0.215394487,0.218271548,-0.041022237,-1.37613E-05
20.4,0.214568558,0.217450415,-0.041091044,-1.37094E-05
20.42,0.213741274,0.216627909,-0.041159591,-1.36574E-05
20.44,0.21291264,0.215804034,-0.041227878,-1.36053E-05
20.46,0.212082662,0.214978796,-0.041295905,-1.35531E-05
20.48,0.211251343,0.2141522,-0.04136367,-1.35009E-05
20.5,0.21041869,0.213324252,-0.041431175,-1.34485E-05
20.52,0.209584708,0.212494956,-0.041498417,-1.33961E-05
20.54,0.208749403,0.211664318,-0.041565398,-1.33436E-05
20.56,0.207912778,0.210832343,-0.041632116,-1.3291E-05
20.58,0.207074841,0.209999036,-0.041698571,-1.32383E-05
20.6,0.206235595,0.209164403,-0.041764763,-1.31856E-05
20.62,0.205395047,0.208328448,-0.041830691,-1.31327E-05
20.64,0.204553201,0.207491178,-0.041896354,-1.30798E-05
20.66,0.203710063,0.206652596,-0.041961754,-1.30268E-05
20.68,0.202865638,0.20581271,-0.042026887,-1.29737E-05
20.7,0.202019933,0.204971524,-0.042091756,-1.29205E-05
20.72,0.20117295,0.204129042,-0.042156359,-1.28673E-05
20.74,0.200324698,0.203285272,-0.042220695,-1.28139E-05
20.76,0.19947518,0.202440217,-0.042284765,-1.27605E-05
20.78,0.198624402,0.201593884,-0.042348567,-1.2707E-05
20.8,0.197772369,0.200746277,-0.042412102,-1.26534E-05
20.82,0.196919087,0.199897403,-0.04247537,-1.25998E-05
20.84,0.196064561,0.199047265,-0.042538368,-1.2546E-05
20.86,0.195208797,0.198195871,-0.042601099,-1.24922E-05
20.88,0.194351799,0.197343224,-0.04266356,-1.24383E-05
20.9,0.193493575,0.196489331,-0.042725751,-1.23843E-05
20.92,0.192634127,0.195634197,-0.042787673,-1.23303E-05
20.94,0.191773463,0.194777827,-0.042849324,-1.22762E-05
20.96,0.190911588,0.193920226,-0.042910705,-1.2222E-05
20.98,0.190048507,0.193061401,-0.042971815,-1.21677E-05
21,0.189184225,0.192201356,-0.043032653,-1.21133E-05
21.02,0.188318749,0.191340098,-0.04309322,-1.20589E-05
21.04,0.187452083,0.19047763,-0.043153514,-1.20043E-05
21.06,0.186584232,0.18961396,-0.043213536,-1.19498E-05
21.08,0.185715204,0.188749092,-0.043273285,-1.18951E-05
21.1,0.184845002,0.187883031,-0.04333276,-1.18403E-05
21.12,0.183973633,0.187015784,-0.043391962,-1.17855E-05
21.14,0.183101101,0.186147356,-0.043450889,-1.17306E-05
21.16,0.182227413,0.185277751,-0.043509543,-1.16757E-05
21.18,0.181352574,0.184406977,-0.043567921,-1.16206E-05
21.2,0.180476589,0.183535037,-0.043626024,-1.15655E-05
21.22,0.179599465,0.182661938,-0.043683852,-1.15103E-05
21.24,0.178721206,0.181787686,-0.043741403,-1.14551E-05
21.26,0.177841818,0.180912285,-0.043798679,-1.13997E-05
21.28,0.176961306,0.180035741,-0.043855677,-1.13443E-05
21.3,0.176079677,0.179158061,-0.043912399,-1.12889E-05
21.32,0.175196936,0.178279248,-0.043968843,-1.12333E-05
21.34,0.174313088,0.17739931,-0.04402501,-1.11777E-05
21.36,0.173428139,0.176518251,-0.044080898,-1.1122E-05
21.38,0.172542094,0.175636077,-0.044136508,-1.10663E-05
21.4,0.17165496,0.174752793,-0.04419184,-1.10104E-05
21.42,0.170766742,0.173868406,-0.044246892,-1.09545E-05
21.44,0.169877444,0.17298292,-0.044301664,-1.08986E-05
21.46,0.168987074,0.172096342,-0.044356157,-1.08425E-05
21.48,0.168095636,0.171208677,-0.04441037,-1.07864E-05
21.5,0.167203137,0.17031993,-0.044464302,-1.07302E-05
21.52,0.166309581,0.169430107,-0.044517953,-1.0674E-05
21.54,0.165414975,0.168539215,-0.044571323,-1.06177E-05
21.56,0.164519324,0.167647257,-0.044624412,-1.05613E-05
21.58,0.163622634,0.166754241,-0.044677218,-1.05049E-05
21.6,0.16272491,0.165860171,-0.044729743,-1.04484E-05
21.62,0.161826159,0.164965054,-0.044781984,-1.03918E-05
21.64,0.160926385,0.164068895,-0.044833944,-1.03352E-05
21.66,0.160025595,0.163171699,-0.044885619,-1.02785E-05
21.68,0.159123793,0.162273473,-0.044937012,-1.02217E-05
21.7,0.158220987,0.161374222,-0.04498812,-1.01649E-05
21.72,0.157317182,0.160473951,-0.045038944,-1.0108E-05
21.74,0.156412382,0.159572667,-0.045089484,-1.0051E-05
21.76,0.155506595,0.158670375,-0.045139739,-9.99397E-06
21.78,0.154599826,0.15776708,-0.045189709,-9.93688E-06
21.8,0.15369208,0.156862789,-0.045239393,-9.87973E-06
21.82,0.152783363,0.155957507,-0.045288792,-9.82252E-06
21.84,0.151873681,0.15505124,-0.045337905,-9.76524E-06
21.86,0.15096304,0.154143994,-0.045386731,-9.7079E-06
21.88,0.150051445,0.153235774,-0.04543527,-9.6505E-06
21.9,0.149138902,0.152326586,-0.045483523,-9.59305E-06
21.92,0.148225417,0.151416436,-0.045531488,-9.53552E-06
21.94,0.147310996,0.150505329,-0.045579166,-9.47794E-06
21.96,0.146395645,0.149593272,-0.045626555,-9.4203E-06
21.98,0.145479369,0.14868027,-0.045673657,-9.3626E-06
22,0.144562174,0.147766329,-0.04572047,-9.30484E-06
22.02,0.143644066,0.146851454,-0.045766994,-9.24703E-06
22.04,0.14272505,0.145935652,-0.045813229,-9.18915E-06
22.06,0.141805133,0.145018928,-0.045859175,-9.13122E-06
22.08,0.14088432,0.144101288,-0.045904831,-9.07322E-06
22.1,0.139962617,0.143182737,-0.045950197,-9.01518E-06
22.12,0.139040031,0.142263283,-0.045995273,-8.95707E-06
22.14,0.138116566,0.141342929,-0.046040059,-8.89891E-06
22.16,0.137192228,0.140421683,-0.046084553,-8.84069E-06
22.18,0.136267024,0.13949955,-0.046128756,-8.78241E-06
22.2,0.135340959,0.138576536,-0.046172669,-8.72408E-06
22.22,0.13441404,0.137652646,-0.046216289,-8.6657E-06
22.24,0.133486271,0.136727887,-0.046259617,-8.60726E-06
22.26,0.132557659,0.135802265,-0.046302654,-8.54876E-06
22.28,0.13162821,0.134875784,-0.046345398,-8.49021E-06
22.3,0.13069793,0.133948452,-0.046387849,-8.43161E-06
22.32,0.129766823,0.133020273,-0.046430007,-8.37296E-06
22.34,0.128834898,0.132091254,-0.046471871,-8.31425E-06
22.36,0.127902158,0.131161401,-0.046513443,-8.25549E-06
22.38,0.12696861,0.130230719,-0.04655472,-8.19667E-06
22.4,0.126034261,0.129299215,-0.046595703,-8.13781E-06
22.42,0.125099115,0.128366894,-0.046636393,-8.07889E-06
22.44,0.124163179,0.127433762,-0.046676787,-8.01993E-06
22.46,0.123226459,0.126499826,-0.046716887,-7.96091E-06
22.48,0.122288961,0.12556509,-0.046756691,-7.90184E-06
22.5,0.12135069,0.124629561,-0.0467962,-7.84272E-06
22.52,0.120411652,0.123693245,-0.046835414,-7.78355E-06
22.54,0.119471854,0.122756147,-0.046874332,-7.72434E-06
22.56,0.118531302,0.121818275,-0.046912953,-7.66507E-06
22.58,0.11759,0.120879632,-0.046951279,-7.60576E-06
22.6,0.116647956,0.119940226,-0.046989308,-7.5464E-06
22.62,0.115705175,0.119000063,-0.04702704,-7.48699E-06
22.64,0.114761664,0.118059148,-0.047064474,-7.42753E-06
22.66,0.113817427,0.117117487,-0.047101612,-7.36803E-06
22.68,0.112872471,0.116175086,-0.047138452,-7.30847E-06
22.7,0.111926803,0.115231952,-0.047174995,-7.24888E-06
22.72,0.110980427,0.114288089,-0.047211239,-7.18924E-06
22.74,0.11003335,0.113343505,-0.047247185,-7.12955E-06
22.76,0.109085579,0.112398205,-0.047282833,-7.06982E-06
22.78,0.108137118,0.111452195,-0.047318182,-7.01004E-06
22.8,0.107187974,0.110505481,-0.047353232,-6.95022E-06
22.82,0.106238154,0.109558069,-0.047387983,-6.89035E-06
22.84,0.105287662,0.108609964,-0.047422435,-6.83044E-06
22.86,0.104336505,0.107661174,-0.047456587,-6.77049E-06
22.88,0.103384689,0.106711704,-0.04749044,-6.71049E-06
22.9,0.10243222,0.10576156,-0.047523992,-6.65046E-06
22.92,0.101479104,0.104810747,-0.047557244,-6.59038E-06
22.94,0.100525347,0.103859273,-0.047590196,-6.53026E-06
22.96,0.099570955,0.102907142,-0.047622848,-6.47009E-06
22.98,0.098615934,0.101954362,-0.047655198,-6.40989E-06
23,0.09766029,0.101000937,-0.047687247,-6.34965E-06
23.02,0.09670403,0.100046875,-0.047718996,-6.28936E-06
23.04,0.095747158,0.099092181,-0.047750443,-6.22904E-06
23.06,0.094789682,0.09813686,-0.047781588,-6.16868E-06
23.08,0.093831607,0.09718092,-0.047812431,-6.10827E-06
23.1,0.092872939,0.096224366,-0.047842972,-6.04783E-06
23.12,0.091913685,0.095267204,-0.047873212,-5.98736E-06
23.14,0.09095385,0.094309441,-0.047903148,-5.92684E-06
23.16,0.08999344,0.093351081,-0.047932783,-5.86628E-06
23.18,0.089032462,0.092392132,-0.047962114,-5.80569E-06
23.2,0.088070922,0.0914326,-0.047991142,-5.74507E-06
23.22,0.087108825,0.09047249,-0.048019868,-5.6844E-06
23.24,0.086146178,0.089511808,-0.04804829,-5.6237E-06
23.26,0.085182987,0.088550561,-0.048076408,-5.56297E-06
23.28,0.084219258,0.087588755,-0.048104223,-5.5022E-06
23.3,0.083254997,0.086626395,-0.048131734,-5.44139E-06
23.32,0.08229021,0.085663489,-0.048158941,-5.38055E-06
23.34,0.081324904,0.084700041,-0.048185844,-5.31968E-06
23.36,0.080359083,0.083736058,-0.048212442,-5.25877E-06
23.38,0.079392755,0.082771546,-0.048238736,-5.19783E-06
23.4,0.078425926,0.081806511,-0.048264725,-5.13686E-06
23.42,0.077458601,0.08084096,-0.04829041,-5.07585E-06
23.44,0.076490787,0.079874898,-0.048315789,-5.01481E-06
23.46,0.07552249,0.078908332,-0.048340863,-4.95374E-06
23.48,0.074553715,0.077941267,-0.048365632,-4.89264E-06
23.5,0.07358447,0.076973709,-0.048390095,-4.83151E-06
23.52,0.07261476,0.076005666,-0.048414252,-4.77035E-06
23.54,0.071644591,0.075037142,-0.048438104,-4.70916E-06
23.56,0.07067397,0.074068145,-0.04846165,-4.64794E-06
23.58,0.069702902,0.073098679,-0.04848489,-4.58668E-06
23.6,0.068731395,0.072128752,-0.048507823,-4.5254E-06
23.62,0.067759452,0.07115837,-0.04853045,-4.46409E-06
23.64,0.066787082,0.070187537,-0.048552771,-4.40276E-06
23.66,0.06581429,0.069216262,-0.048574784,-4.34139E-06
23.68,0.064841083,0.068244549,-0.048596491,-4.28E-06
23.7,0.063867465,0.067272405,-0.048617891,-4.21858E-06
23.72,0.062893445,0.066299836,-0.048638984,-4.15713E-06
23.74,0.061919027,0.065326849,-0.04865977,-4.09566E-06
23.76,0.060944218,0.064353449,-0.048680248,-4.03416E-06
23.78,0.059969024,0.063379642,-0.048700419,-3.97264E-06
23.8,0.058993451,0.062405435,-0.048720282,-3.91109E-06
23.82,0.058017505,0.061430834,-0.048739838,-3.84952E-06
23.84,0.057041194,0.060455845,-0.048759085,-3.78792E-06
23.86,0.056064521,0.059480474,-0.048778025,-3.7263E-06
23.88,0.055087495,0.058504727,-0.048796656,-3.66465E-06
23.9,0.054110121,0.05752861,-0.04881498,-3.60299E-06
23.92,0.053132405,0.056552131,-0.048832995,-3.54129E-06
23.94,0.052154353,0.055575294,-0.048850701,-3.47958E-06
23.96,0.051175972,0.054598106,-0.048868099,-3.41785E-06
23.98,0.050197267,0.053620573,-0.048885188,-3.35609E-06
24,0,0.052642701,-0.048901969,0
